Marital_status,Application_mode,Application_order,Course,Daytime_evening_attendance,Previous_qualification,Previous_qualification_grade,Nacionality,Mothers_qualification,Fathers_qualification,Mothers_occupation,Fathers_occupation,Admission_grade,Displaced,Educational_special_needs,Debtor,Tuition_fees_up_to_date,Gender,Scholarship_holder,Age_at_enrollment,International,Curricular_units_1st_sem_credited,Curricular_units_1st_sem_enrolled,Curricular_units_1st_sem_evaluations,Curricular_units_1st_sem_approved,Curricular_units_1st_sem_grade,Curricular_units_1st_sem_without_evaluations,Curricular_units_2nd_sem_credited,Curricular_units_2nd_sem_enrolled,Curricular_units_2nd_sem_evaluations,Curricular_units_2nd_sem_approved,Curricular_units_2nd_sem_grade,Curricular_units_2nd_sem_without_evaluations,Unemployment_rate,Inflation_rate,GDP,Predicted_Status,Dropout_Probability,True_Status
1,43,1,9147,1,1,129.0,1,19,1,9,5,112.0,0,0,0,1,1,0,22,0,5,9,9,5,11.2,0,5,9,14,7,11.25,2,12.7,3.7,-1.7,0,0.4224974575272937,0
1,53,1,9254,1,42,110.0,1,1,1,4,7,111.8,1,0,0,1,0,1,21,0,0,6,7,6,10.571428571428571,0,0,6,8,5,11.0,0,8.9,1.4,3.51,1,0.8245110804878735,1
1,43,1,9500,1,1,140.0,1,19,19,7,7,138.6,0,0,0,1,0,1,19,0,0,7,9,6,14.25,0,0,8,11,8,13.063636363636364,0,16.2,0.3,-0.92,1,0.9853917857402065,1
1,1,5,9500,1,1,118.0,1,3,1,5,10,113.5,1,0,0,1,0,0,20,0,0,7,7,7,14.30714285714286,0,0,8,8,8,15.0125,0,12.4,0.5,1.79,1,0.9974394495462082,1
1,1,2,9556,1,1,142.0,1,1,19,4,5,130.5,1,0,0,1,0,1,18,0,0,7,8,7,12.214285714285714,0,0,8,8,8,14.0625,0,16.2,0.3,-0.92,1,0.7659771160216309,1
1,42,1,9003,1,1,160.0,1,19,1,9,5,107.8,1,0,0,0,1,0,27,0,0,6,10,0,0.0,0,0,6,8,0,0.0,0,15.5,2.8,-4.06,0,0.0003538224200340587,0
4,7,1,9500,1,3,140.0,1,37,38,9,7,140.0,0,0,0,1,1,0,51,0,4,7,7,7,15.2,0,6,8,8,8,16.575,0,13.9,-0.3,0.79,1,0.743058720638454,1
1,1,1,171,1,1,115.0,1,1,1,9,9,134.3,1,0,0,1,1,0,25,0,16,17,19,17,11.61111111111111,0,14,17,22,17,12.055555555555555,0,12.4,0.5,1.79,1,0.9106962347424542,1
1,1,4,9500,1,1,148.0,1,19,19,9,3,125.0,1,0,0,1,0,0,18,0,0,7,7,6,13.9,0,0,7,7,6,13.9,0,7.6,2.6,0.32,1,0.9678031588161579,1
1,43,1,8014,0,1,145.7,22,37,37,9,9,145.7,1,0,0,1,0,0,25,1,8,16,16,15,13.333333333333334,0,11,13,13,11,12.272727272727272,0,13.9,-0.3,0.79,1,0.9951411785254668,1
1,43,1,9773,1,1,126.0,1,1,37,3,0,110.0,0,0,1,1,0,0,20,0,0,6,7,6,13.333333333333334,0,0,6,8,6,12.666666666666666,0,12.4,0.5,1.79,1,0.9018177783030674,1
1,18,1,9500,1,1,124.0,1,38,37,9,7,119.3,1,0,0,1,0,0,19,0,0,8,8,8,13.11625,0,0,8,8,8,13.11625,0,9.4,-0.8,-3.12,1,0.9958801949402437,1
1,1,5,9500,1,1,142.0,1,38,37,5,7,128.8,1,0,0,1,0,0,18,0,0,7,7,6,14.233333333333334,0,0,7,7,6,14.233333333333334,0,7.6,2.6,0.32,1,0.9954880734130371,1
2,39,1,9003,1,19,133.1,1,37,19,9,4,140.0,0,0,1,1,0,0,29,0,0,6,11,5,12.6,0,0,6,6,6,12.666666666666666,0,11.1,0.6,2.02,1,0.8739263575410885,1
1,16,2,9147,1,1,139.0,1,38,37,9,9,123.7,1,0,0,1,0,1,22,0,0,5,8,4,12.0,0,0,5,8,4,11.4,2,16.2,0.3,-0.92,1,0.7705974966029255,1
1,18,3,9853,1,1,122.0,1,38,37,9,5,120.3,1,0,0,1,0,0,19,0,0,6,0,0,0.0,0,0,6,0,0,0.0,0,10.8,1.4,1.74,0,0.0008178557063331452,0
1,1,6,9500,1,1,103.0,1,1,3,2,2,100.6,1,1,0,1,0,0,22,0,0,7,9,5,13.928,0,0,8,9,7,14.342857142857142,0,11.1,0.6,2.02,1,0.9820635380096145,1
1,17,2,9254,1,1,130.0,1,37,37,5,7,123.4,1,0,0,1,1,0,30,0,0,6,17,2,10.0,0,0,6,15,3,11.333333333333334,0,7.6,2.6,0.32,0,0.005266842712797447,0
1,39,1,9500,1,1,100.0,1,1,19,4,8,122.0,0,0,0,1,0,0,24,0,0,8,8,7,12.412857142857144,0,0,8,8,7,12.412857142857144,0,10.8,1.4,1.74,1,0.9851314982267981,1
1,1,2,9254,1,1,140.0,1,1,37,4,5,123.6,1,0,0,1,0,0,18,0,0,6,10,6,12.857142857142858,0,0,6,6,3,12.666666666666666,0,12.7,3.7,-1.7,0,0.3838573538164854,1
1,17,2,9500,1,1,135.0,1,19,19,9,10,133.4,1,0,0,1,0,0,19,0,0,7,7,7,14.125714285714285,0,0,8,8,8,14.36875,0,11.1,0.6,2.02,1,0.9653179021783872,1
1,17,1,9670,1,1,121.0,1,19,38,4,10,114.4,0,0,0,1,0,0,19,0,0,6,10,5,11.5,0,0,6,9,4,14.6,0,11.1,0.6,2.02,1,0.8615943016333449,1
1,1,1,171,1,1,159.0,1,3,3,2,2,162.5,1,0,0,1,1,0,19,0,0,0,0,0,0.0,0,0,0,0,0,0.0,0,16.2,0.3,-0.92,1,0.8894093701638359,0
1,1,1,9773,1,1,128.0,1,1,19,4,4,124.5,0,0,0,1,1,1,19,0,0,6,10,4,14.0,0,0,6,9,6,12.333333333333334,0,9.4,-0.8,-3.12,1,0.8873517936365516,1
1,44,1,9130,1,39,160.0,1,1,37,3,3,160.0,1,0,1,0,0,0,36,0,2,6,9,6,12.0,0,1,6,8,3,14.666666666666666,0,12.4,0.5,1.79,0,0.0034820044951052683,0
1,44,1,171,1,39,150.0,1,19,1,9,9,154.8,1,0,0,1,1,0,21,0,0,0,0,0,0.0,0,0,0,0,0,0.0,0,12.4,0.5,1.79,1,0.5534194917646287,1
1,17,1,9147,1,1,127.0,1,1,37,4,8,121.1,1,0,0,1,1,1,20,0,0,5,11,4,12.0,0,0,5,5,5,12.8,0,11.1,0.6,2.02,1,0.8479098498235593,1
2,39,1,8014,0,19,133.1,1,34,34,0,0,130.0,0,0,0,1,1,0,38,0,0,6,0,0,0.0,0,0,6,0,0,0.0,0,9.4,-0.8,-3.12,0,0.0007064894011307175,0
1,51,1,33,1,1,121.0,1,19,37,5,7,118.6,0,0,0,1,0,0,26,0,14,21,23,20,13.181818181818182,0,10,14,18,14,11.642857142857142,0,8.9,1.4,3.51,1,0.8726933344532984,1
1,1,2,9254,1,1,121.0,1,37,37,9,9,124.2,1,0,0,1,0,1,18,0,0,6,8,6,10.571428571428571,0,0,6,9,5,11.4,0,16.2,0.3,-0.92,1,0.8642578413100447,1
1,17,2,9556,1,1,133.1,1,37,38,9,8,106.0,1,0,0,1,0,0,19,0,0,7,16,2,12.75,0,0,7,12,2,11.0,0,8.9,1.4,3.51,0,0.0012911334993071708,0
1,42,1,9500,1,1,124.0,1,19,19,4,9,124.0,0,0,0,1,0,0,23,0,0,8,8,8,12.88625,0,0,8,8,8,12.88625,0,9.4,-0.8,-3.12,1,0.9801744021453647,1
1,17,2,9147,1,1,125.0,1,38,38,6,8,114.5,1,0,0,1,0,1,19,0,0,5,6,5,13.4,0,0,5,5,5,12.4,0,12.4,0.5,1.79,1,0.9968186441916491,1
1,1,1,9085,1,1,134.0,1,1,1,9,9,133.0,1,0,0,1,0,1,20,0,0,6,8,6,15.142857142857142,0,0,6,8,6,15.142857142857142,0,11.1,0.6,2.02,1,0.9814215365222843,1
1,17,1,9670,1,1,118.0,1,37,38,8,7,115.2,1,0,0,1,0,1,21,0,0,5,7,3,12.333333333333334,0,0,5,5,2,12.5,0,7.6,2.6,0.32,0,0.12860773378220897,0
1,18,5,9853,1,1,121.0,1,38,19,7,7,117.5,1,0,1,0,0,0,20,0,0,6,14,2,12.0,0,0,6,14,3,11.666666666666666,0,10.8,1.4,1.74,0,0.0004354245404127369,0
1,1,1,9238,1,1,106.0,1,1,1,3,3,105.0,0,0,0,1,1,0,20,0,0,6,9,5,11.0,0,0,6,9,5,12.166666666666666,0,11.1,0.6,2.02,1,0.9579128283152856,1
1,1,1,9238,1,1,108.0,1,19,38,9,7,110.5,1,0,0,1,0,1,22,0,0,6,6,6,12.166666666666666,0,0,6,6,6,12.5,0,12.4,0.5,1.79,1,0.9979400121072971,1
1,17,1,9147,1,1,122.0,1,19,19,4,6,119.9,0,0,0,1,0,1,21,0,0,5,6,5,11.4,0,0,5,6,5,12.2,0,12.7,3.7,-1.7,1,0.9361538313327211,1
1,42,1,9119,1,1,120.0,1,19,37,9,9,113.8,0,0,0,0,1,0,27,0,0,5,0,0,0.0,0,0,5,0,0,0.0,0,15.5,2.8,-4.06,0,0.00013414307442388885,0
1,17,1,9254,1,1,126.0,1,1,1,9,9,124.3,0,0,0,1,0,1,19,0,0,6,8,6,11.166666666666666,0,0,6,7,4,13.4,0,16.2,0.3,-0.92,1,0.9144014633411828,1
1,43,1,8014,0,1,161.0,1,19,37,4,10,100.0,0,0,0,1,1,0,44,0,9,13,18,13,11.846153846153848,0,9,11,11,11,12.0,0,12.7,3.7,-1.7,1,0.9700296721658273,1
2,39,1,9991,0,3,130.0,1,3,1,1,10,160.0,0,0,0,1,0,0,30,0,0,5,5,5,14.6,0,0,5,5,5,15.4,0,12.7,3.7,-1.7,1,0.9945061517250443,0
1,1,2,9773,1,1,125.0,1,19,1,4,5,122.2,1,0,0,1,0,0,18,0,0,6,0,0,0.0,0,0,6,0,0,0.0,0,11.1,0.6,2.02,0,0.0018763164152965919,0
1,1,4,9773,1,1,140.0,22,1,37,3,9,130.5,1,0,0,1,0,0,20,1,0,6,6,6,12.333333333333334,0,0,6,6,6,12.0,0,12.7,3.7,-1.7,1,0.9542333143937693,1
1,1,4,9500,1,1,128.0,1,1,37,4,3,117.9,1,0,0,1,0,1,19,0,0,7,9,7,12.1375,0,0,8,9,8,12.91111111111111,0,12.4,0.5,1.79,1,0.9895202492252679,1
1,43,1,9991,0,12,133.1,1,12,12,9,9,120.0,0,0,0,1,1,0,28,0,7,13,13,7,10.285714285714286,0,5,11,13,5,10.6,0,10.8,1.4,1.74,0,0.02714933903194678,0
1,17,1,171,1,1,140.0,41,1,1,5,7,146.3,1,0,0,1,0,1,18,1,0,0,0,0,0.0,0,0,0,0,0,0.0,0,12.7,3.7,-1.7,1,0.7206864314472107,0
1,1,1,9773,1,1,127.0,1,19,37,9,9,116.5,0,0,0,1,0,1,19,0,0,6,7,6,14.285714285714286,0,0,6,6,6,13.166666666666666,0,11.1,0.6,2.02,1,0.993408655306659,1
1,1,1,9238,1,1,168.0,1,37,37,9,9,149.5,0,0,0,1,0,0,18,0,0,6,10,6,17.0,0,0,6,11,6,16.0,0,12.4,0.5,1.79,1,0.992361470704094,1
1,1,1,9085,1,1,148.0,1,19,3,4,2,136.5,0,0,0,1,0,0,19,0,0,6,13,6,15.307692307692308,0,0,6,9,6,14.0,0,15.5,2.8,-4.06,1,0.9616293399404942,1
1,1,1,9238,1,1,116.0,1,38,38,9,6,116.4,1,0,0,1,0,0,18,0,0,6,6,6,13.166666666666666,0,0,6,6,6,13.166666666666666,0,8.9,1.4,3.51,1,0.9947906426034863,1
1,44,1,9119,1,39,151.0,1,19,37,4,7,151.0,0,0,1,1,0,0,26,0,0,5,6,0,0.0,0,0,5,5,0,0.0,0,16.2,0.3,-0.92,0,0.0040144956789388035,0
1,39,1,9003,1,19,133.1,1,37,19,9,7,134.3,0,0,0,1,1,0,25,0,0,6,15,1,11.0,0,0,6,13,4,11.75,0,12.4,0.5,1.79,0,0.034735108575337244,0
1,39,1,9119,1,12,133.1,1,34,34,0,0,95.1,0,0,0,0,1,0,49,0,0,5,5,0,0.0,0,0,5,6,0,0.0,0,10.8,1.4,1.74,0,0.00010180464626669118,0
1,1,4,171,1,1,137.0,1,1,38,4,8,141.2,1,0,0,1,1,0,19,0,0,0,0,0,0.0,0,0,0,0,0,0.0,0,11.1,0.6,2.02,0,0.35610432750854887,1
1,17,1,9119,1,1,148.0,1,1,38,4,5,148.7,0,0,0,1,1,0,18,0,0,5,6,5,16.2,0,0,5,8,5,16.0,0,8.9,1.4,3.51,1,0.92318899259604,1
2,42,1,9147,1,1,100.0,1,37,37,9,9,100.0,1,0,0,1,0,0,54,0,13,15,20,13,12.461538461538462,1,10,13,13,10,11.1,1,15.5,2.8,-4.06,0,0.13644625713848796,0
1,39,1,8014,0,1,120.0,1,19,37,8,7,100.0,1,0,0,1,0,0,24,0,0,6,11,1,10.0,0,0,6,6,0,0.0,6,9.4,-0.8,-3.12,0,0.0029085557408065382,0
1,17,5,9085,1,1,130.0,1,19,19,90,7,115.8,0,0,0,0,0,0,18,0,0,6,0,0,0.0,0,0,6,0,0,0.0,0,12.7,3.7,-1.7,0,0.00039021247516228297,0
1,17,4,9773,1,1,119.0,1,38,19,9,9,118.3,0,0,0,1,0,0,19,0,0,6,8,4,11.25,0,0,6,0,0,0.0,0,15.5,2.8,-4.06,0,0.004036316677924265,0
1,1,1,9500,1,1,125.0,1,37,19,9,9,122.4,1,0,0,1,1,0,19,0,0,7,7,7,13.725714285714286,0,0,8,8,8,14.5,0,11.1,0.6,2.02,1,0.9840492164085927,1
2,39,1,9119,1,1,120.0,1,37,38,9,10,145.4,0,0,1,1,1,0,40,0,0,5,11,3,10.666666666666666,0,0,5,5,2,12.5,0,16.2,0.3,-0.92,0,0.004795961999155828,0
1,17,1,9130,1,1,130.0,1,3,19,2,9,115.9,0,0,0,1,0,0,18,0,0,5,14,2,12.0,2,0,5,6,5,12.6,0,9.4,-0.8,-3.12,1,0.8147063445204472,1
1,1,1,9130,1,1,152.0,1,2,22,4,3,146.1,1,0,0,1,0,0,18,0,0,5,8,4,13.5,2,0,5,9,0,0.0,3,10.8,1.4,1.74,0,0.02860237725168061,0
1,17,1,9147,1,1,140.0,1,37,37,9,7,132.3,1,0,0,1,0,0,20,0,0,5,9,1,10.0,0,0,5,10,1,11.0,0,7.6,2.6,0.32,0,0.0030902148142944877,0
1,39,1,9003,1,1,130.0,1,37,37,6,6,100.0,0,0,1,0,1,0,28,0,4,10,19,8,11.88888888888889,0,2,8,17,5,11.6,1,15.5,2.8,-4.06,0,0.01016404936265208,0
1,1,1,9500,1,1,138.0,1,1,1,3,4,132.5,1,0,0,1,0,0,18,0,0,8,8,7,14.115714285714288,0,0,8,8,7,14.115714285714288,0,10.8,1.4,1.74,1,0.9757647283602847,1
1,1,5,9670,1,1,116.0,1,19,38,9,9,119.5,1,0,0,0,0,0,18,0,0,6,0,0,0.0,0,0,6,0,0,0.0,0,8.9,1.4,3.51,0,0.000573758984419629,0
1,43,2,9147,1,1,126.0,1,1,19,3,3,100.0,1,0,0,1,1,0,22,0,0,5,11,0,0.0,0,0,5,7,1,10.0,1,16.2,0.3,-0.92,0,0.0033053762607642262,0
1,17,1,9670,1,1,133.1,1,1,19,141,114,140.0,1,0,0,1,0,0,22,0,0,6,6,6,15.166666666666666,0,0,6,6,6,16.0,0,13.9,-0.3,0.79,1,0.984799763839723,1
1,1,1,9853,1,1,122.0,1,38,37,191,195,112.9,1,0,0,1,0,1,19,0,0,7,8,7,13.857142857142858,0,0,7,8,6,13.666666666666666,0,8.9,1.4,3.51,1,0.9926843380963489,1
1,1,5,9500,1,1,141.0,1,38,38,9,9,142.3,1,0,0,1,0,0,18,0,0,8,8,8,12.82875,0,0,8,8,8,12.82875,0,9.4,-0.8,-3.12,1,0.9949992122306794,0
1,1,1,9853,1,1,115.0,1,19,38,9,9,108.0,0,0,0,1,0,1,19,0,0,7,10,6,13.0,0,0,7,7,7,13.285714285714286,0,12.4,0.5,1.79,1,0.9860462275143638,1
2,39,1,9085,1,12,133.1,1,1,39,5,3,140.0,1,0,1,0,0,0,32,0,0,6,7,0,0.0,0,0,6,6,0,0.0,0,13.9,-0.3,0.79,0,0.00033813578167894866,0
1,17,6,9556,1,1,134.0,1,19,38,7,7,128.5,1,0,0,1,0,1,18,0,0,7,9,7,14.1,0,0,8,8,8,13.3125,0,12.7,3.7,-1.7,1,0.9502928681406992,1
1,1,1,9070,1,1,124.0,1,37,19,9,3,116.3,1,0,0,1,0,0,20,0,0,6,8,5,12.2,0,0,6,6,6,11.5,0,16.2,0.3,-0.92,1,0.9907208658589202,1
1,1,3,171,1,1,139.0,1,19,19,5,3,128.2,1,0,0,1,1,1,19,0,0,0,0,0,0.0,0,0,0,0,0,0.0,0,10.8,1.4,1.74,1,0.5194096745826883,1
1,17,4,9500,1,1,136.0,1,3,3,2,2,132.5,1,0,0,1,0,0,19,0,0,7,8,7,13.198571428571428,0,0,8,8,8,13.0625,0,11.1,0.6,2.02,1,0.8217419958592648,1
1,18,3,9085,1,1,149.0,103,1,1,9,9,132.2,1,0,0,1,0,1,18,1,0,5,9,4,12.0,0,0,5,8,5,13.0,0,10.8,1.4,1.74,1,0.9825128282889442,1
1,39,1,8014,0,1,130.0,1,37,37,9,6,134.0,0,0,0,1,0,1,35,0,2,8,8,8,13.625,0,1,7,7,7,14.0,0,8.9,1.4,3.51,1,0.9951029077461798,1
1,1,1,171,1,1,127.0,1,1,1,4,3,126.3,1,0,1,1,1,0,21,0,0,0,0,0,0.0,0,0,0,0,0,0.0,0,16.2,0.3,-0.92,0,0.022867160852667833,0
1,17,1,9070,1,1,122.0,1,1,1,4,8,123.8,1,0,1,0,0,1,18,0,0,6,6,6,11.833333333333334,0,0,6,8,6,11.0,0,12.7,3.7,-1.7,0,0.08537263187758135,0
2,39,1,9991,0,1,130.0,1,37,37,9,9,140.0,1,0,0,1,1,0,31,0,0,5,8,1,11.0,0,0,5,5,1,13.0,0,9.4,-0.8,-3.12,0,0.031281541968288196,0
1,1,1,9991,0,1,145.0,1,2,37,4,9,127.5,1,0,0,1,1,0,22,0,0,5,9,5,12.428571428571429,1,0,5,7,5,11.8,0,7.6,2.6,0.32,0,0.44287230252490867,1
1,1,1,9254,1,1,121.0,1,1,1,5,4,111.9,1,0,0,0,1,0,20,0,0,6,14,2,10.5,0,0,6,16,0,0.0,0,10.8,1.4,1.74,0,0.0007707329042697745,0
1,1,1,9085,1,1,124.0,1,2,1,4,10,117.4,1,0,0,1,0,0,19,0,0,5,7,4,12.75,0,0,5,5,5,12.0,0,10.8,1.4,1.74,1,0.9417464844384876,1
1,1,1,9085,1,1,123.0,1,38,19,4,90,127.2,0,0,1,0,1,0,20,0,0,5,7,3,11.333333333333334,0,0,5,8,2,11.5,0,7.6,2.6,0.32,0,0.002236899520684902,0
1,17,1,9500,1,1,150.0,1,37,19,8,4,130.8,0,0,0,1,1,0,24,0,0,7,8,7,11.975,0,0,8,8,8,13.75,0,13.9,-0.3,0.79,1,0.9459381110054618,1
1,16,3,9085,1,1,130.0,1,37,37,9,2,119.5,1,0,0,1,0,1,18,0,0,6,14,6,14.333333333333334,0,0,6,9,6,12.0,0,15.5,2.8,-4.06,1,0.9807599046016807,1
2,39,1,8014,0,19,133.1,1,19,37,6,8,149.5,0,0,0,1,1,0,48,0,0,6,6,0,0.0,0,0,5,6,0,0.0,0,12.4,0.5,1.79,0,0.006975772849730459,0
1,17,1,9254,1,1,131.0,1,38,37,4,9,131.7,1,0,0,0,0,0,18,0,0,6,0,0,0.0,0,0,6,0,0,0.0,0,12.7,3.7,-1.7,0,0.0011256654506045908,0
2,39,1,9003,1,3,110.0,1,3,19,4,6,150.0,0,0,0,1,1,0,32,0,0,6,8,6,18.875,0,6,12,14,12,17.692307692307693,0,16.2,0.3,-0.92,1,0.6497206183974414,1
1,39,2,8014,0,1,141.0,1,37,37,9,9,150.5,0,0,0,1,0,0,29,0,0,6,7,6,13.166666666666666,0,0,6,8,6,15.625,0,12.4,0.5,1.79,1,0.993903202288904,1
1,17,1,9773,1,1,177.0,1,2,1,123,135,155.7,0,0,1,1,0,1,18,0,0,6,6,6,15.666666666666666,0,0,6,6,6,13.833333333333334,0,8.9,1.4,3.51,1,0.703720086870338,1
1,17,1,9853,1,1,108.0,1,19,1,5,5,107.3,0,0,0,1,0,0,20,0,0,6,0,0,0.0,0,0,6,0,0,0.0,0,15.5,2.8,-4.06,0,0.0007272864833049091,0
1,17,2,9853,1,1,131.0,1,1,38,4,8,121.9,1,0,0,1,0,0,19,0,0,6,10,5,12.6,0,0,6,7,5,11.2,0,10.8,1.4,1.74,0,0.2793416786746503,1
1,1,4,9773,1,1,124.0,1,3,12,2,9,137.0,1,0,0,1,1,0,20,0,0,6,6,6,16.833333333333332,0,0,6,6,6,16.666666666666668,0,8.9,1.4,3.51,1,0.8075407486990562,1
1,1,1,9773,1,1,130.0,1,1,38,3,5,128.6,1,0,0,1,1,0,19,0,0,6,8,5,12.0,0,0,6,8,5,12.4,0,9.4,-0.8,-3.12,1,0.8903084699188883,1
1,1,2,9773,1,1,130.0,109,19,1,9,9,126.9,1,0,0,1,0,1,19,1,0,6,8,6,13.166666666666666,0,0,6,6,6,13.0,0,11.1,0.6,2.02,1,0.985671043840589,0
1,1,1,9500,1,1,162.0,1,19,1,5,5,147.5,1,0,0,1,0,1,18,0,0,8,8,8,14.14125,0,0,8,8,8,14.14125,0,9.4,-0.8,-3.12,1,0.9926341778994637,1
1,17,5,9085,1,1,118.0,1,38,38,9,9,112.4,1,0,0,1,0,0,19,0,0,12,22,6,15.307692307692308,0,0,10,13,6,13.875,0,15.5,2.8,-4.06,1,0.9459885125604014,1
1,1,3,9238,1,1,135.0,1,1,12,9,10,121.0,1,0,0,1,0,1,19,0,0,6,7,6,11.333333333333334,0,0,6,6,6,11.5,0,12.4,0.5,1.79,1,0.9819032072689646,1
1,1,1,9238,1,1,132.0,1,37,37,9,5,135.9,0,0,0,1,0,0,18,0,0,6,11,5,12.4,0,0,6,7,6,13.0,0,9.4,-0.8,-3.12,1,0.9944931471230213,1
5,7,1,9070,1,3,140.0,1,37,37,7,7,140.0,0,0,0,0,1,0,30,0,0,6,6,1,10.0,0,0,6,6,0,0.0,0,15.5,2.8,-4.06,0,0.0007188400930200917,0
1,17,1,9773,1,1,117.0,1,38,38,9,9,111.1,0,0,1,1,1,0,19,0,0,6,6,4,11.25,0,0,6,6,3,11.333333333333334,0,16.2,0.3,-0.92,0,0.013132803107807895,0
1,39,1,9003,1,19,133.1,1,4,1,2,4,120.0,0,0,0,1,1,0,25,0,0,3,4,0,0.0,0,0,3,5,0,0.0,0,16.2,0.3,-0.92,0,0.0006495553997449581,0
1,17,1,9773,1,1,127.0,1,1,33,3,3,129.8,0,0,0,0,1,0,20,0,0,6,10,0,0.0,0,0,5,10,0,0.0,0,10.8,1.4,1.74,0,0.0002194662818989587,0
1,17,2,9670,1,1,128.0,1,37,38,5,8,121.7,0,0,0,1,1,1,20,0,0,5,5,5,12.4,0,0,5,5,4,10.75,0,9.4,-0.8,-3.12,1,0.7078057851265075,1
1,39,1,9238,1,19,133.1,1,37,37,9,9,120.0,0,1,1,1,0,0,40,0,0,6,13,2,10.0,0,0,6,10,1,15.0,0,16.2,0.3,-0.92,0,0.001354450125608357,0
1,17,2,171,1,1,130.0,41,1,1,2,3,148.6,1,0,0,1,1,0,20,1,0,0,0,0,0.0,0,0,0,0,0,0.0,0,11.1,0.6,2.02,1,0.914065369331852,0
1,51,1,9500,1,1,170.0,1,1,1,4,10,125.0,0,0,0,1,1,0,20,0,0,7,7,7,15.66,0,7,10,11,9,15.011111111111113,0,11.1,0.6,2.02,1,0.7244451565283577,1
1,1,6,9500,1,1,133.0,1,1,1,9,9,119.7,1,1,1,1,1,0,19,0,2,7,8,7,13.075,0,1,8,11,8,12.36111111111111,0,12.4,0.5,1.79,1,0.7616746898922698,1
1,1,1,9500,1,1,147.0,1,3,1,2,3,131.6,0,0,0,1,0,0,18,0,0,7,8,6,13.958333333333334,0,0,8,8,8,14.71875,0,11.1,0.6,2.02,1,0.9641810352110366,1
1,17,4,9070,1,1,117.0,1,1,1,3,3,125.4,1,0,0,1,1,1,19,0,0,6,6,6,12.833333333333334,0,0,6,7,6,11.166666666666666,0,11.1,0.6,2.02,0,0.4241472904154081,1
1,1,2,9070,1,1,126.0,1,19,38,9,9,132.0,1,0,0,1,0,1,19,0,0,6,6,6,14.166666666666666,0,0,6,8,6,12.375,0,10.8,1.4,1.74,1,0.9814836406180092,1
1,1,1,9238,1,1,128.0,1,19,19,9,9,120.0,0,0,0,1,0,1,18,0,0,6,8,6,13.5,0,0,6,9,6,12.833333333333334,0,11.1,0.6,2.02,1,0.9769127175970027,1
1,1,5,9070,1,1,124.0,1,37,37,9,9,113.9,1,0,0,1,0,0,20,0,0,6,6,6,11.166666666666666,0,0,6,6,6,12.166666666666666,0,7.6,2.6,0.32,1,0.9980111514614841,1
1,1,4,9773,1,1,125.0,1,19,19,9,7,129.6,1,0,0,1,1,0,18,0,0,6,6,6,12.833333333333334,0,0,6,8,6,12.833333333333334,0,12.4,0.5,1.79,1,0.883770164785119,1
1,1,1,9500,1,1,148.0,1,19,19,9,9,138.7,0,0,0,1,0,1,19,0,0,7,10,7,15.114999999999998,0,0,8,10,8,15.092,0,15.5,2.8,-4.06,1,0.993865308422746,1
1,1,1,9130,1,1,136.0,1,19,19,90,8,133.9,1,0,0,0,1,0,20,0,0,5,7,4,13.0,0,0,5,11,3,12.0,2,10.8,1.4,1.74,0,0.008034403399749281,0
1,17,3,9238,1,1,141.0,1,19,38,9,7,125.6,1,0,0,1,0,1,19,0,0,6,8,6,11.333333333333334,0,0,6,6,6,11.833333333333334,0,8.9,1.4,3.51,1,0.9764753131363423,1
1,17,3,9238,1,1,125.0,1,19,19,7,8,121.5,0,0,0,1,0,0,19,0,0,6,10,5,11.666666666666666,0,0,6,12,4,11.0,0,13.9,-0.3,0.79,1,0.6487416560712321,1
2,39,1,8014,0,1,150.0,1,37,37,9,9,140.0,0,0,0,0,1,0,35,0,0,6,6,6,14.0,0,0,6,6,6,14.166666666666666,0,9.4,-0.8,-3.12,0,0.46106076089205256,1
1,1,2,9500,1,1,135.0,1,37,1,7,7,132.8,1,0,0,1,0,1,18,0,0,8,12,7,11.721428571428572,0,0,8,12,7,11.721428571428572,0,12.7,3.7,-1.7,1,0.9816228294366288,1
1,1,1,9238,1,1,107.0,1,2,12,3,10,104.2,1,0,0,1,0,0,20,0,0,6,6,6,12.166666666666666,0,0,6,7,6,12.142857142857142,0,11.1,0.6,2.02,1,0.9952568719963139,1
2,39,1,9085,1,1,120.0,1,19,19,1,4,130.0,0,0,0,1,0,0,29,0,0,5,8,5,15.333333333333334,2,0,5,6,5,15.4,0,9.4,-0.8,-3.12,1,0.8111386992108073,0
1,1,1,9238,1,1,123.0,1,34,38,0,7,120.2,1,0,0,1,0,0,20,0,0,6,9,5,11.8,0,0,6,10,4,11.5,0,7.6,2.6,0.32,1,0.7278323406656608,0
1,39,1,9003,1,1,130.0,1,3,1,2,4,154.9,0,0,1,0,1,0,35,0,0,6,8,5,16.166666666666668,0,0,6,10,4,16.0,0,8.9,1.4,3.51,0,0.005484774154062857,0
1,1,4,9070,1,1,136.0,1,37,37,9,8,136.7,1,0,0,1,0,0,20,0,0,6,6,4,13.5,0,0,6,8,6,13.625,0,10.8,1.4,1.74,1,0.9536493890290333,1
1,17,1,9130,1,1,156.0,1,2,9,3,5,166.9,0,0,0,1,0,0,18,0,0,5,9,4,11.25,0,0,5,6,4,12.5,0,7.6,2.6,0.32,1,0.9733849145312976,1
1,7,1,8014,0,40,120.0,1,37,19,9,3,120.0,0,0,0,1,0,0,36,0,6,10,15,4,13.0,0,5,9,10,4,13.75,0,8.9,1.4,3.51,0,0.030884958108634585,0
2,39,1,9119,1,1,110.0,1,19,19,0,5,137.0,0,0,1,1,1,0,30,0,0,5,5,0,0.0,0,0,5,5,0,0.0,0,7.6,2.6,0.32,0,0.0003557791355813232,0
1,17,1,9130,1,1,145.0,1,38,37,9,7,129.3,1,0,0,1,0,0,19,0,0,5,5,5,11.8,0,0,5,5,5,13.2,0,10.8,1.4,1.74,1,0.9736200907635804,1
1,1,1,9085,1,1,123.0,1,3,1,2,5,112.9,0,0,0,1,1,0,18,0,0,5,5,0,0.0,0,0,5,5,0,0.0,0,7.6,2.6,0.32,0,0.0015499254179021252,0
1,39,1,9147,1,19,133.1,1,3,1,3,5,153.2,1,0,1,1,0,0,24,0,0,5,8,5,10.2,0,0,5,6,5,12.2,0,12.4,0.5,1.79,1,0.5402915831935068,1
1,1,1,9085,1,1,134.0,1,1,1,2,7,128.4,1,0,0,1,0,1,18,0,0,5,12,5,12.857142857142858,2,0,5,8,4,13.25,0,9.4,-0.8,-3.12,1,0.9432042514356485,1
1,44,1,8014,0,39,150.0,1,1,37,9,7,146.7,0,0,0,1,0,1,21,0,3,6,6,6,14.666666666666666,0,2,6,6,6,13.833333333333334,0,12.4,0.5,1.79,1,0.9959760674952456,1
1,1,1,9773,1,1,134.0,1,37,19,9,10,141.4,1,0,0,1,0,0,19,0,0,6,12,3,13.0,0,0,6,13,2,14.0,0,9.4,-0.8,-3.12,0,0.01715430684542526,0
1,17,1,9147,1,1,118.0,1,19,19,9,9,122.2,0,0,0,1,0,0,19,0,0,5,11,3,10.666666666666666,0,0,5,9,4,10.25,0,11.1,0.6,2.02,0,0.31410011623044365,1
1,39,1,9500,1,19,133.1,1,1,5,4,3,100.0,0,0,0,1,0,0,24,0,0,8,11,7,12.614285714285714,0,0,8,11,7,12.614285714285714,0,12.7,3.7,-1.7,1,0.9789731392013838,1
1,43,1,9003,1,1,130.0,1,1,2,4,2,130.0,0,0,0,1,1,0,28,0,9,18,36,17,13.058823529411764,1,6,12,15,12,12.307692307692308,0,15.5,2.8,-4.06,1,0.9865467130234412,1
1,1,2,9500,1,1,112.0,1,1,37,4,9,106.8,1,0,0,1,0,1,19,0,0,7,8,6,13.533333333333331,0,0,8,9,7,13.614285714285714,0,12.4,0.5,1.79,1,0.9958871158389492,1
1,1,1,9773,1,1,120.0,1,19,37,9,9,118.3,0,0,1,0,1,1,18,0,0,6,11,5,12.166666666666666,0,0,6,15,3,12.0,0,13.9,-0.3,0.79,0,0.0008717790311801195,0
1,44,1,9238,1,1,150.0,1,1,38,4,9,145.9,0,0,0,1,0,1,19,0,3,6,6,6,15.5,0,2,6,7,6,13.571428571428571,0,13.9,-0.3,0.79,1,0.9792359071376816,1
1,39,1,9556,1,19,133.1,1,37,37,9,10,100.0,0,0,0,1,1,0,31,0,0,7,7,0,0.0,0,0,7,7,0,0.0,0,15.5,2.8,-4.06,0,0.00040309222124107984,0
1,1,1,9500,1,1,135.0,1,19,3,9,4,121.5,1,0,0,1,0,0,18,0,0,7,7,6,12.916666666666666,0,0,7,7,6,12.916666666666666,0,7.6,2.6,0.32,1,0.9908406075290882,1
1,1,1,9085,1,1,143.0,1,19,38,9,9,133.4,1,0,0,1,0,0,19,0,0,6,7,6,16.0,0,0,6,8,6,15.875,0,12.4,0.5,1.79,1,0.9599281589670688,1
1,1,1,9500,1,1,153.0,1,38,19,9,5,138.5,1,0,0,1,0,1,20,0,0,8,8,7,15.798571428571426,0,0,8,8,7,15.798571428571426,0,10.8,1.4,1.74,1,0.996175450065616,1
1,1,1,9773,1,1,159.0,1,34,26,0,6,160.1,1,0,0,1,0,0,18,0,0,6,6,6,15.166666666666666,0,0,6,7,6,14.857142857142858,0,7.6,2.6,0.32,1,0.9550684611709054,1
1,1,3,9500,1,1,154.0,1,1,37,4,9,134.8,1,0,0,1,0,0,19,0,0,7,7,6,13.533333333333331,0,0,7,7,6,13.533333333333331,0,7.6,2.6,0.32,1,0.9561606104043573,1
1,1,5,9773,1,1,118.0,1,38,19,9,9,113.8,1,0,0,1,0,0,19,0,0,6,7,6,12.333333333333334,0,0,6,7,6,12.5,0,8.9,1.4,3.51,1,0.9936070581886811,1
1,1,1,9670,1,1,133.1,1,3,1,1,7,155.0,0,0,0,1,0,0,22,0,0,5,6,3,11.333333333333334,0,0,5,5,0,0.0,0,9.4,-0.8,-3.12,0,0.025764051319054144,0
1,1,5,9070,1,1,125.0,1,3,3,2,2,140.8,1,0,0,1,1,0,22,0,0,6,6,6,14.666666666666666,0,0,6,6,6,15.0,0,9.4,-0.8,-3.12,1,0.9052416915877357,1
1,1,5,9070,1,1,117.0,1,19,37,5,5,131.0,1,0,1,0,1,0,21,0,0,6,6,1,14.0,0,0,6,7,0,0.0,7,9.4,-0.8,-3.12,0,0.0003898243927934201,0
1,17,1,9238,1,1,133.0,1,38,38,7,7,125.3,1,0,0,1,0,1,18,0,0,6,6,6,11.333333333333334,0,0,6,7,6,12.285714285714286,0,15.5,2.8,-4.06,1,0.9921579716546048,1
1,1,2,9238,1,1,136.0,1,22,30,0,8,135.7,1,0,0,1,0,0,19,0,0,6,8,6,14.375,0,0,6,8,6,14.75,0,7.6,2.6,0.32,1,0.9571214675467672,1
1,44,1,9119,1,1,130.0,1,37,12,9,8,129.4,1,0,1,0,1,0,23,0,0,5,6,0,0.0,0,0,5,7,0,0.0,0,13.9,-0.3,0.79,0,0.0002984349851783438,0
1,44,1,9147,1,39,117.4,1,19,1,4,9,117.4,1,0,0,1,0,0,21,0,4,7,10,6,11.333333333333334,0,1,5,6,5,11.2,0,11.1,0.6,2.02,1,0.9552850950276726,1
2,39,1,8014,0,1,133.1,1,19,1,4,8,144.3,0,0,0,1,1,0,41,0,6,10,10,10,12.5,0,3,7,7,7,12.142857142857142,0,10.8,1.4,1.74,1,0.9609839505772817,1
1,44,1,9003,1,39,150.0,1,1,19,4,10,150.0,0,0,0,1,1,1,21,0,0,6,8,6,13.0,0,0,6,10,6,12.625,0,15.5,2.8,-4.06,1,0.9942985028876015,1
1,1,3,9070,1,1,132.0,1,1,3,9,7,126.1,1,0,0,1,0,1,18,0,0,6,6,6,15.833333333333334,0,0,6,6,6,15.333333333333334,0,11.1,0.6,2.02,1,0.8775964663039203,1
1,39,1,9670,1,1,133.1,1,1,19,4,9,140.0,0,0,0,1,1,1,25,0,0,6,8,6,12.285714285714286,0,0,6,6,6,13.0,0,15.5,2.8,-4.06,1,0.9364021173185291,1
2,39,1,9238,1,1,120.0,1,37,37,9,9,116.0,0,0,0,1,0,0,44,0,0,6,8,6,13.0,0,0,6,6,6,13.833333333333334,0,12.7,3.7,-1.7,1,0.9689873331901696,1
2,39,1,9147,1,19,133.1,1,37,19,9,3,128.0,0,0,0,1,1,0,49,0,0,5,9,3,14.0,0,0,5,8,3,13.666666666666666,0,8.9,1.4,3.51,0,0.07980086492273614,0
1,39,1,9991,0,1,133.1,1,3,38,2,7,121.7,0,0,0,1,1,0,31,0,0,5,5,0,0.0,0,0,5,7,0,0.0,0,13.9,-0.3,0.79,0,0.0010041387937566133,0
2,43,1,9853,1,1,110.0,1,37,37,7,7,100.0,0,0,0,1,1,0,40,0,0,2,4,1,16.0,0,0,4,5,4,15.5,0,13.9,-0.3,0.79,0,0.07715776920246405,1
1,1,1,9773,1,1,121.0,1,19,1,7,9,117.9,1,0,0,1,0,0,19,0,0,6,7,6,12.833333333333334,0,0,6,7,6,11.666666666666666,0,11.1,0.6,2.02,1,0.9836714352309037,1
2,1,1,9238,1,1,134.0,1,37,37,5,5,120.4,0,0,0,1,0,0,20,0,0,6,7,6,11.5,0,0,6,6,6,11.666666666666666,0,7.6,2.6,0.32,1,0.9969441164404336,1
1,17,1,9003,1,1,131.0,1,19,1,9,2,134.5,1,0,0,1,0,1,19,0,0,6,7,6,15.0,0,0,6,8,6,14.333333333333334,0,12.4,0.5,1.79,1,0.9858622975204502,1
1,1,1,9130,1,1,140.0,1,9,19,4,4,131.2,0,0,0,1,1,1,26,0,0,5,9,0,0.0,0,0,5,6,0,0.0,0,7.6,2.6,0.32,0,0.005863393178657922,0
1,1,1,9500,1,1,138.0,1,1,38,4,9,132.5,1,0,0,1,0,1,19,0,0,8,8,7,14.36,0,0,8,8,7,14.36,0,10.8,1.4,1.74,1,0.9920009504818489,1
1,1,2,9238,1,1,136.0,1,19,19,4,7,121.7,1,0,0,1,0,1,21,0,0,6,9,5,12.333333333333334,0,0,6,7,5,11.8,0,13.9,-0.3,0.79,1,0.9419700873623825,1
2,43,1,9991,0,1,150.0,1,38,19,3,3,120.1,0,0,0,0,0,0,39,0,11,15,15,12,11.916666666666666,0,8,13,14,8,11.25,0,10.8,1.4,1.74,0,0.029066934694292293,0
1,1,6,9147,1,1,142.0,1,38,37,7,7,134.3,0,1,0,1,1,0,21,0,0,5,0,0,0.0,0,0,5,0,0,0.0,0,10.8,1.4,1.74,0,0.005605838784444657,0
1,1,1,9147,1,1,150.0,103,37,37,9,9,134.6,0,0,0,1,1,0,20,1,0,5,5,5,13.6,0,0,5,7,5,13.0,0,9.4,-0.8,-3.12,1,0.988437824370203,1
2,42,1,9556,1,1,110.0,1,37,37,9,6,140.0,0,0,0,1,1,0,43,0,0,7,7,0,0.0,0,0,8,13,2,13.15,0,16.2,0.3,-0.92,0,0.00024919024663252017,0
1,1,1,171,1,1,180.0,41,37,37,9,9,152.7,1,0,1,0,1,0,27,1,0,0,0,0,0.0,0,0,0,0,0,0.0,0,7.6,2.6,0.32,0,0.4377468398287959,0
2,39,2,9556,1,12,133.1,1,34,34,99,99,100.5,0,0,0,1,0,0,39,0,0,3,7,1,14.0,0,0,2,4,0,0.0,0,11.1,0.6,2.02,0,0.0008653531552540154,0
1,1,1,171,1,1,149.0,1,1,1,9,3,156.0,1,0,0,1,0,0,18,0,0,0,0,0,0.0,0,0,0,0,0,0.0,0,10.8,1.4,1.74,1,0.782215962819236,1
4,39,1,8014,0,1,133.1,1,37,37,7,7,143.0,0,0,0,1,1,0,37,0,3,9,13,8,12.0,0,2,7,8,7,11.571428571428571,0,12.7,3.7,-1.7,1,0.9635386221470438,1
1,1,1,9238,1,1,125.0,1,1,1,5,5,128.5,0,0,0,1,1,0,20,0,0,6,13,1,14.0,0,0,6,7,0,0.0,0,16.2,0.3,-0.92,0,0.0019035542006919544,0
1,1,6,9500,1,1,134.0,1,38,38,9,9,122.0,1,0,0,1,1,0,19,0,0,8,8,7,12.2,0,0,8,8,7,12.2,0,12.7,3.7,-1.7,1,0.9505460728502658,1
1,17,1,9500,1,1,142.0,1,37,37,5,5,131.3,1,0,0,1,0,0,19,0,0,8,8,7,14.731428571428571,0,0,8,8,7,14.731428571428571,0,10.8,1.4,1.74,1,0.9926716816345523,1
1,17,4,9500,1,1,136.0,1,1,1,4,9,128.5,1,0,0,1,0,0,18,0,0,7,7,6,12.766666666666666,0,0,7,7,6,12.766666666666666,0,7.6,2.6,0.32,1,0.9681851496066297,1
1,53,1,9085,1,42,160.0,1,1,19,4,6,155.7,1,0,0,1,0,0,27,0,7,12,17,11,14.727272727272728,0,4,9,10,7,14.142857142857142,0,8.9,1.4,3.51,1,0.9435225536482422,1
1,39,1,9670,1,19,133.1,1,19,1,5,8,97.2,1,0,0,1,1,1,24,0,0,6,10,4,11.6,0,0,6,8,5,13.0,0,11.1,0.6,2.02,1,0.5185356083414382,1
1,1,1,9500,1,1,117.0,1,3,1,3,3,113.2,0,1,0,1,0,0,18,0,0,7,10,6,11.98,0,0,8,11,7,13.225,0,16.2,0.3,-0.92,1,0.9898994016766857,1
2,42,1,9254,1,1,136.0,1,2,2,134,112,130.0,1,0,0,1,1,0,22,0,2,6,13,4,11.5,0,2,6,12,2,12.5,0,7.6,2.6,0.32,0,0.0839343433607993,0
1,18,3,9147,1,1,133.1,1,1,38,4,7,101.0,1,0,0,0,1,0,23,0,0,5,0,0,0.0,0,0,5,0,0,0.0,0,8.9,1.4,3.51,0,0.00036752626263984343,0
1,17,3,9119,1,1,138.0,1,3,3,3,4,125.4,1,1,0,1,1,0,19,0,0,5,10,3,13.333333333333334,0,0,5,9,4,10.75,0,8.9,1.4,3.51,0,0.1422699086725078,0
1,17,1,9085,1,1,131.0,1,1,3,4,1,129.3,1,0,0,1,0,0,19,0,0,5,10,4,11.25,1,0,5,10,3,10.333333333333334,0,12.7,3.7,-1.7,0,0.05873832144570435,1
1,1,1,9500,1,1,125.0,1,37,37,9,9,118.8,0,0,0,1,1,0,24,0,0,7,7,6,13.3,0,0,7,7,6,13.3,0,7.6,2.6,0.32,1,0.9779344354079598,1
1,1,2,9254,1,1,112.0,1,37,37,6,6,106.1,1,0,0,0,0,0,20,0,0,6,0,0,0.0,0,0,6,0,0,0.0,0,11.1,0.6,2.02,0,0.0011383489964272736,0
1,39,1,8014,0,2,130.0,1,37,37,5,7,147.5,0,0,0,1,0,0,39,0,7,11,13,11,14.454545454545457,0,6,8,8,8,13.5,0,12.7,3.7,-1.7,1,0.9747633156592876,1
1,39,1,9085,1,1,133.1,1,37,36,90,7,128.2,0,0,0,1,1,0,28,0,0,5,8,3,12.0,0,0,5,10,3,11.333333333333334,0,7.6,2.6,0.32,0,0.048170217924946954,0
1,39,1,9147,1,1,160.0,1,38,38,7,9,121.4,0,1,0,1,0,1,26,0,0,5,8,4,13.0,0,0,5,10,4,12.25,2,16.2,0.3,-0.92,1,0.6400174944619307,1
1,43,1,9991,0,1,120.0,1,19,37,3,9,100.0,0,0,0,1,0,0,34,0,0,5,9,0,0.0,0,0,5,10,1,11.0,0,13.9,-0.3,0.79,0,0.0010645319937534917,0
1,1,1,9085,1,1,133.1,1,37,38,7,5,106.0,1,0,0,1,0,1,21,0,0,6,13,6,16.153846153846153,0,0,6,10,6,15.75,0,15.5,2.8,-4.06,1,0.9924282991428696,1
1,17,1,9085,1,1,120.0,1,2,3,2,2,116.1,0,0,0,1,0,0,20,0,0,5,12,3,11.666666666666666,2,0,5,11,4,11.5,1,9.4,-0.8,-3.12,1,0.7685189015099414,1
1,1,5,9070,1,1,134.0,1,34,1,5,7,129.8,1,0,0,1,0,0,18,0,0,6,7,2,11.0,0,0,6,0,0,0.0,0,9.4,-0.8,-3.12,0,0.00932643470376096,0
1,43,1,9130,1,1,140.0,1,1,3,9,2,140.0,1,0,0,1,0,1,20,0,0,6,8,6,15.625,0,0,6,8,6,15.857142857142858,0,13.9,-0.3,0.79,1,0.9342395028835759,1
1,39,1,8014,0,19,133.1,1,37,37,9,5,135.5,0,0,0,1,0,0,58,0,0,6,6,0,0.0,0,0,6,6,0,0.0,0,11.1,0.6,2.02,0,0.0015386638646678,0
1,43,1,9070,1,1,130.0,1,37,37,9,9,129.0,1,0,0,1,0,0,25,0,0,6,6,6,13.5,0,0,6,6,6,12.5,0,9.4,-0.8,-3.12,1,0.9851077291064843,1
1,17,6,9119,1,1,129.0,1,37,13,4,90,117.1,1,0,0,1,1,0,19,0,0,5,10,0,0.0,0,0,5,5,0,0.0,0,7.6,2.6,0.32,0,0.0012674782325783412,0
1,1,1,9500,1,1,114.0,1,19,38,5,3,112.6,1,0,0,1,0,0,19,0,0,7,10,6,11.85,0,0,8,10,7,13.65,0,16.2,0.3,-0.92,1,0.9925792836744436,1
1,7,1,9119,1,40,130.0,1,1,1,4,4,130.0,0,0,0,1,1,0,27,0,4,6,6,6,13.166666666666666,0,2,5,7,5,15.142857142857142,0,11.1,0.6,2.02,1,0.7989839041885829,0
1,1,3,9254,1,1,123.0,1,1,1,4,3,123.4,1,0,0,1,1,0,18,0,0,6,8,6,12.333333333333334,0,0,6,6,6,13.666666666666666,0,11.1,0.6,2.02,1,0.6675138511311446,1
1,44,1,9991,0,39,160.0,1,37,37,9,9,160.0,0,0,0,1,0,0,26,0,0,5,5,5,12.0,0,0,5,7,5,11.4,0,12.7,3.7,-1.7,1,0.9394719216553601,1
1,53,1,9003,1,42,130.0,1,1,19,9,7,133.8,0,0,1,1,0,1,24,0,7,12,13,12,12.846153846153848,0,5,11,13,11,12.636363636363637,0,8.9,1.4,3.51,1,0.9839942755158722,1
1,17,2,9500,1,1,130.0,1,38,38,7,7,122.5,1,0,0,1,0,0,19,0,0,8,8,7,13.937142857142858,0,0,8,8,7,13.937142857142858,0,10.8,1.4,1.74,1,0.9878712288904987,1
1,39,1,9500,1,1,120.0,1,3,3,2,2,149.0,0,0,0,0,1,0,36,0,0,6,15,2,11.5,0,0,7,9,0,0.0,0,15.5,2.8,-4.06,0,0.0004770873102592985,0
1,1,1,8014,0,1,100.0,1,38,19,6,10,112.8,0,0,0,1,0,1,23,0,0,6,6,6,14.166666666666666,0,0,6,6,6,12.5,0,12.7,3.7,-1.7,1,0.9950126837783947,1
1,39,1,9254,1,19,133.1,1,37,37,90,90,100.0,0,0,0,1,1,0,48,0,0,6,13,3,10.0,0,0,6,15,1,10.0,0,7.6,2.6,0.32,0,0.0006156553887348178,0
1,1,1,9773,1,1,128.0,1,37,1,9,7,124.2,1,0,0,1,0,0,18,0,0,6,8,5,13.0,0,0,6,7,6,13.142857142857142,0,15.5,2.8,-4.06,1,0.9358794505520525,0
1,44,1,9003,1,39,150.0,1,37,38,4,8,150.0,0,0,0,1,0,1,21,0,0,6,9,6,12.666666666666666,0,0,6,8,5,12.8,0,13.9,-0.3,0.79,1,0.9928249656923989,1
1,43,1,9003,1,1,150.0,1,2,4,4,1,150.0,0,0,0,1,1,0,35,0,16,18,22,18,11.666666666666666,0,12,13,13,12,11.5,1,15.5,2.8,-4.06,1,0.963022612447898,1
1,51,1,9119,1,1,140.0,1,1,19,4,4,150.0,0,0,0,1,1,0,23,0,0,5,7,2,13.0,0,0,5,11,1,10.0,0,8.9,1.4,3.51,0,0.0006962734854776112,0
1,1,6,9500,1,1,137.0,1,1,1,4,5,126.3,1,0,0,1,0,1,18,0,0,8,8,8,13.42375,0,0,8,8,8,13.42375,0,9.4,-0.8,-3.12,1,0.9803870385339963,1
1,17,1,9085,1,1,133.1,1,37,37,9,9,99.0,1,0,0,1,0,1,23,0,0,6,6,6,14.666666666666666,0,0,6,8,6,12.428571428571429,0,8.9,1.4,3.51,1,0.9965359348592288,1
1,1,1,9238,1,1,170.0,1,37,37,0,0,150.8,1,0,0,1,0,0,27,0,0,6,13,2,11.0,0,0,6,14,1,11.0,0,7.6,2.6,0.32,0,0.006633938635481127,0
1,1,2,9500,1,1,139.0,1,4,1,2,10,136.4,1,0,0,1,0,0,19,0,0,7,9,7,13.422222222222224,0,0,8,11,7,12.18888888888889,0,15.5,2.8,-4.06,1,0.9433139212662344,1
2,39,2,9147,1,3,130.0,1,3,37,9,9,103.4,0,0,0,1,0,0,30,0,4,7,9,7,11.75,0,3,8,12,7,11.142857142857142,0,12.7,3.7,-1.7,1,0.9263728802664286,0
1,1,4,9500,1,1,142.0,1,19,19,1,1,125.5,1,0,0,1,0,0,18,0,0,8,12,7,12.857142857142858,0,0,8,12,7,12.857142857142858,0,12.7,3.7,-1.7,1,0.9489950718862865,1
1,17,1,9670,1,1,141.0,1,19,37,5,8,130.2,0,0,0,1,1,0,18,0,0,6,6,6,13.5,0,0,6,0,0,0.0,0,12.7,3.7,-1.7,0,0.015110939200779978,0
1,43,1,9670,1,6,170.0,1,34,34,0,0,111.6,0,0,0,1,1,0,35,0,1,5,5,1,14.0,0,0,5,5,0,0.0,0,9.4,-0.8,-3.12,0,0.0014372174032198073,0
1,42,1,9500,1,1,123.0,1,37,37,3,3,123.0,1,0,0,1,0,1,21,0,0,8,8,8,13.105,0,0,8,8,8,13.105,0,9.4,-0.8,-3.12,1,0.9700387344146296,1
1,17,4,9773,1,1,137.0,1,1,1,5,5,125.8,0,0,1,1,1,0,20,0,0,6,7,5,12.2,0,0,6,6,6,12.333333333333334,0,12.7,3.7,-1.7,1,0.7316297889905818,0
1,17,4,9500,1,1,135.0,1,1,1,4,4,127.0,1,0,0,1,0,0,18,0,0,7,7,7,14.424285714285714,0,0,8,8,8,13.9375,0,11.1,0.6,2.02,1,0.8440154157948377,1
2,39,1,8014,0,1,100.0,1,37,38,9,9,141.5,0,0,0,1,0,0,45,0,0,6,9,5,12.333333333333334,0,0,6,6,6,13.0,0,13.9,-0.3,0.79,1,0.9333857662982846,1
4,39,1,9500,1,19,133.1,1,37,37,6,6,117.8,0,0,1,0,0,0,46,0,0,7,14,3,12.333333333333334,0,0,7,12,3,11.083333333333334,0,11.1,0.6,2.02,0,0.0002807425255979128,0
1,1,1,9773,1,1,132.0,1,37,19,9,9,131.0,1,0,0,1,0,1,18,0,0,6,8,5,13.0,0,0,6,7,6,13.0,0,15.5,2.8,-4.06,1,0.9626145106388595,1
1,44,1,9003,1,39,130.0,1,1,3,9,6,130.0,0,0,0,1,1,1,21,0,0,6,15,6,11.714285714285714,0,0,6,8,4,11.75,0,13.9,-0.3,0.79,1,0.8526652000738676,1
2,39,1,9991,0,1,120.0,1,37,37,9,9,133.2,1,0,0,1,1,0,32,0,0,5,5,0,0.0,0,0,5,5,0,0.0,0,7.6,2.6,0.32,0,0.001047853501451081,0
1,1,1,171,1,1,145.0,1,1,19,10,5,150.6,1,0,0,1,1,0,18,0,0,0,0,0,0.0,0,0,0,0,0,0.0,0,10.8,1.4,1.74,1,0.9258646699128822,1
1,1,1,9130,1,1,133.0,1,3,1,2,4,126.0,0,0,0,1,1,0,18,0,0,5,7,3,13.666666666666666,0,0,5,5,5,13.2,0,7.6,2.6,0.32,1,0.9146007872018984,1
1,39,1,9085,1,1,133.1,1,19,19,7,7,130.0,1,0,0,1,0,0,24,0,0,6,7,6,14.857142857142858,0,0,6,10,5,13.6,0,13.9,-0.3,0.79,1,0.7772656997168654,1
4,39,1,8014,0,19,133.1,1,37,37,90,7,110.0,0,0,0,0,0,0,31,0,0,6,8,5,11.4,0,0,6,9,3,11.0,0,9.4,-0.8,-3.12,0,0.014715538674364608,0
1,39,1,9119,1,1,110.0,1,37,37,90,90,108.4,1,0,0,1,0,0,34,0,0,5,5,0,0.0,0,0,5,6,0,0.0,0,10.8,1.4,1.74,0,0.0009298922291908842,0
1,1,1,9238,1,1,133.1,1,12,38,4,9,107.0,1,0,0,1,0,0,19,0,0,6,11,5,10.6,0,0,6,10,6,11.714285714285714,0,11.1,0.6,2.02,1,0.9932039540831119,0
2,43,1,9991,0,3,130.0,1,37,37,9,9,130.0,0,0,0,1,0,0,41,0,5,10,11,10,14.3,0,5,10,10,10,14.2,0,12.7,3.7,-1.7,1,0.9088374155525915,1
1,17,1,9500,1,1,137.0,1,1,1,9,9,127.9,1,0,0,1,0,1,18,0,0,7,10,5,13.46,0,0,7,8,7,12.2375,0,11.1,0.6,2.02,1,0.8411790122938908,0
1,17,3,9119,1,1,131.0,1,37,37,9,7,118.4,0,0,0,1,1,0,18,0,0,5,10,0,0.0,0,0,5,10,2,11.5,4,7.6,2.6,0.32,0,0.0025183959209236135,0
1,1,1,171,1,1,149.0,1,3,2,2,5,151.1,1,0,0,1,1,0,19,0,0,0,0,0,0.0,0,0,0,0,0,0.0,0,9.4,-0.8,-3.12,1,0.6068853210459295,1
1,7,1,9003,1,4,150.0,1,1,1,4,6,150.0,0,0,0,1,1,0,28,0,0,6,14,6,14.875,0,0,6,12,6,15.8,0,16.2,0.3,-0.92,1,0.9193086983340771,1
1,1,1,9500,1,1,141.0,1,1,1,3,10,142.8,0,0,0,1,0,0,18,0,0,7,7,7,13.7,0,0,8,9,8,13.994444444444444,0,11.1,0.6,2.02,1,0.9415028384741382,1
1,39,1,9003,1,1,140.0,1,1,3,4,5,130.0,0,0,0,1,1,0,25,0,0,6,8,0,0.0,0,0,6,10,0,0.0,0,16.2,0.3,-0.92,0,0.0015326079005341985,0
2,1,1,8014,0,1,165.0,1,37,37,0,0,162.9,1,0,0,1,1,0,45,0,0,6,7,6,13.666666666666666,0,0,6,6,6,13.666666666666666,0,7.6,2.6,0.32,1,0.9830913595819241,1
1,1,1,9670,1,1,130.0,1,1,1,0,0,119.5,0,0,0,0,1,0,19,0,0,5,5,0,0.0,0,0,6,0,0,0.0,0,9.4,-0.8,-3.12,0,0.0015479969180536082,0
1,1,1,9670,1,1,124.0,1,2,2,3,3,124.7,1,0,0,1,1,0,21,0,0,5,7,3,11.0,0,0,5,5,4,12.75,0,7.6,2.6,0.32,1,0.5789612030862855,0
1,42,1,9500,1,1,111.0,1,1,3,9,10,128.2,1,0,0,1,1,0,23,0,0,8,8,8,12.5075,0,0,8,8,8,12.5075,0,9.4,-0.8,-3.12,1,0.9616952893232427,1
1,17,1,9238,1,1,116.0,1,1,1,3,3,119.2,1,0,0,1,0,1,18,0,0,6,6,6,14.0,0,0,6,6,6,13.5,0,8.9,1.4,3.51,1,0.7710750809706173,1
5,43,1,9991,0,3,130.0,1,3,3,1,1,130.0,0,0,0,1,0,0,41,0,5,10,14,10,14.636363636363637,0,5,10,13,10,14.6,0,16.2,0.3,-0.92,1,0.6793491084615322,1
1,1,3,9500,1,1,140.0,1,19,37,9,9,125.5,1,0,0,1,0,1,19,0,0,8,8,7,14.232857142857142,0,0,8,8,7,14.232857142857142,0,10.8,1.4,1.74,1,0.9909678856195717,1
1,1,6,9500,1,1,136.0,1,1,1,4,5,123.3,0,0,0,0,0,0,18,0,0,8,8,0,0.0,8,0,8,8,0,0.0,8,9.4,-0.8,-3.12,0,0.0006271564179212232,0
1,17,3,9254,1,1,118.0,1,19,1,4,4,115.9,1,0,0,1,1,1,18,0,0,6,7,6,12.142857142857142,0,0,6,8,6,11.333333333333334,0,8.9,1.4,3.51,1,0.9692610374007049,1
1,17,3,9556,1,1,126.0,1,19,19,9,4,119.0,1,0,0,1,0,1,19,0,0,7,8,7,12.142857142857142,0,0,8,8,8,13.375,0,16.2,0.3,-0.92,1,0.981745130872139,0
4,39,1,9853,1,1,143.0,1,37,1,9,10,140.0,0,0,1,0,0,0,31,0,0,7,8,6,12.666666666666666,0,0,7,9,5,12.6,0,8.9,1.4,3.51,0,0.007220463108388509,0
1,1,3,9773,1,1,136.0,1,3,1,5,3,129.0,1,0,0,1,0,1,19,0,0,6,7,6,14.0,0,0,6,8,5,12.2,0,13.9,-0.3,0.79,1,0.612305490524134,0
1,39,1,8014,0,1,140.0,1,37,37,90,5,115.5,0,0,0,0,1,0,33,0,0,6,6,1,11.0,0,0,6,0,0,0.0,0,10.8,1.4,1.74,0,0.0008222231782851271,0
1,1,3,9500,1,1,134.0,1,38,38,7,9,132.8,1,0,0,1,0,1,19,0,0,8,8,7,13.512857142857142,0,0,8,8,7,13.512857142857142,0,10.8,1.4,1.74,1,0.9834802310684102,1
1,42,1,9500,1,1,100.0,1,19,19,9,9,100.0,0,0,1,1,1,0,24,0,0,8,16,2,10.25,1,0,8,16,2,10.25,1,12.7,3.7,-1.7,0,0.00013358469706375726,0
1,17,4,9254,1,1,106.0,1,37,19,9,7,116.9,1,0,0,1,0,0,20,0,0,6,7,6,11.5,0,0,6,8,5,12.4,0,11.1,0.6,2.02,1,0.9824105265981814,1
1,17,3,9238,1,1,141.0,1,3,3,2,2,124.9,1,0,0,1,0,0,19,0,0,6,10,6,12.0,0,0,6,12,4,11.0,0,12.7,3.7,-1.7,1,0.6240141471249857,1
1,17,1,9085,1,1,113.0,1,19,37,9,9,118.6,1,0,0,1,0,1,21,0,0,6,6,6,14.5,0,0,6,8,6,14.666666666666666,0,8.9,1.4,3.51,1,0.9807904296499532,1
2,39,1,9991,0,1,160.0,1,1,1,194,131,128.4,0,0,0,1,0,0,34,0,0,5,12,5,10.4,0,0,5,11,5,12.0,0,12.4,0.5,1.79,1,0.8067314642714225,1
1,17,2,9853,1,1,138.0,1,1,1,9,4,123.0,1,0,0,1,0,0,23,0,0,6,10,5,12.8,0,0,6,9,3,11.666666666666666,0,10.8,1.4,1.74,0,0.009832243434190183,0
2,1,1,9500,1,1,142.0,1,19,38,4,5,130.3,0,0,0,1,0,0,18,0,0,7,7,6,13.683333333333332,0,0,7,7,6,13.683333333333332,0,7.6,2.6,0.32,1,0.990471023224586,1
1,18,4,9254,1,1,106.0,1,19,37,7,7,106.0,1,0,0,1,1,1,21,0,0,6,8,4,10.5,0,0,6,11,1,11.0,0,9.4,-0.8,-3.12,0,0.006212090934221879,0
1,7,1,9130,1,3,140.0,1,19,38,9,9,140.0,1,0,0,1,0,0,23,0,0,6,0,0,0.0,0,0,6,0,0,0.0,0,12.4,0.5,1.79,0,0.0017024103470107354,0
1,1,2,9500,1,1,134.0,1,19,19,9,9,125.8,1,0,0,1,0,0,18,0,0,7,8,7,14.91875,0,0,8,8,8,15.355,0,15.5,2.8,-4.06,1,0.9417963659021644,1
1,39,1,8014,0,1,133.1,1,37,37,9,8,121.0,0,0,1,0,0,0,44,0,2,8,12,4,12.0,2,2,7,9,4,12.0,2,8.9,1.4,3.51,0,0.0030572723932240447,0
1,44,1,9070,1,39,120.0,1,1,19,5,8,119.8,0,0,0,1,1,0,21,0,2,7,7,2,12.0,0,5,9,10,7,12.142857142857142,0,12.4,0.5,1.79,1,0.5678062033236491,0
1,39,1,9070,1,1,140.0,1,37,37,9,10,118.0,0,0,1,1,1,1,45,0,0,6,6,6,13.5,0,0,6,6,0,0.0,0,16.2,0.3,-0.92,0,0.029195908950634678,0
1,17,2,9238,1,1,139.0,1,2,3,3,3,132.7,1,0,0,1,0,0,19,0,0,6,7,6,11.166666666666666,0,0,6,9,6,11.666666666666666,0,9.4,-0.8,-3.12,1,0.9701268155093404,1
1,17,1,9670,1,1,120.0,1,38,38,5,7,115.1,1,0,0,1,0,0,19,0,0,6,7,6,14.571428571428571,0,0,6,7,6,12.333333333333334,0,12.4,0.5,1.79,1,0.9970052195627434,1
1,1,4,9254,1,1,131.0,1,38,36,9,9,124.0,1,0,0,1,0,1,18,0,0,6,7,6,11.333333333333334,0,0,6,9,6,10.833333333333334,0,9.4,-0.8,-3.12,1,0.9836622372038686,1
1,1,1,9556,1,1,118.0,1,19,38,9,9,116.3,1,0,0,1,0,1,20,0,0,7,10,7,11.88888888888889,0,0,8,10,8,11.95625,0,12.7,3.7,-1.7,1,0.994411765070149,1
1,1,1,8014,0,1,123.0,1,34,37,9,90,121.3,1,0,0,1,0,0,25,0,0,6,6,6,12.833333333333334,0,0,6,6,6,12.833333333333334,0,7.6,2.6,0.32,1,0.9873513896838133,1
1,1,1,9500,1,1,133.0,1,37,37,9,7,121.8,0,0,0,1,1,1,18,0,0,8,8,8,12.93875,0,0,8,8,8,12.93875,0,9.4,-0.8,-3.12,1,0.9972799441548512,1
1,1,1,9500,1,1,125.0,1,37,37,9,9,126.0,1,0,1,1,0,0,20,0,0,7,7,6,15.4,0,0,7,7,6,15.4,0,7.6,2.6,0.32,1,0.9574765085449748,1
1,43,2,9147,1,1,130.0,1,34,37,9,9,118.5,1,0,0,1,1,0,23,0,5,10,19,8,11.625,1,4,10,16,10,11.181818181818182,3,7.6,2.6,0.32,1,0.7650850600335459,1
1,39,1,9500,1,4,150.0,1,3,38,3,7,127.0,1,0,0,1,1,0,26,0,2,7,8,6,13.046666666666669,0,2,8,10,7,13.30625,0,11.1,0.6,2.02,1,0.8939217317251368,0
1,18,3,9670,1,1,119.0,1,38,38,9,9,115.2,1,0,0,1,0,1,19,0,0,6,10,0,0.0,0,0,6,6,0,0.0,0,12.7,3.7,-1.7,0,0.0015591123253950445,0
1,43,1,9991,0,1,100.0,1,3,19,1,1,117.9,0,0,0,0,1,0,40,0,0,5,5,0,0.0,0,0,5,6,0,0.0,0,10.8,1.4,1.74,0,0.0002229987103586209,0
1,7,1,9070,1,40,120.0,1,1,19,3,9,120.0,1,0,0,1,0,0,21,0,9,13,14,13,13.615384615384617,1,6,12,12,12,14.25,0,13.9,-0.3,0.79,1,0.8558635751831893,1
1,7,1,9991,0,40,130.0,1,1,3,4,2,130.0,0,0,0,1,1,0,27,0,0,5,0,0,0.0,0,0,5,0,0,0.0,0,8.9,1.4,3.51,0,0.0011104168154473996,0
1,7,1,8014,0,3,140.0,1,37,12,9,4,140.0,0,0,0,0,0,0,26,0,0,5,9,0,0.0,0,0,5,10,0,0.0,0,9.4,-0.8,-3.12,0,0.00118054135084224,0
1,1,1,171,1,1,152.0,1,1,38,4,9,160.4,1,0,0,0,0,0,19,0,0,0,0,0,0.0,0,0,0,0,0,0.0,0,7.6,2.6,0.32,1,0.9205417551190573,0
1,17,1,8014,0,1,127.0,1,19,37,4,7,115.8,0,0,0,1,0,0,24,0,0,6,12,1,12.0,0,0,6,12,0,0.0,0,10.8,1.4,1.74,0,0.0032442083814359225,0
1,1,6,9500,1,1,136.0,1,37,1,5,4,120.8,1,0,0,1,0,0,19,0,6,14,22,7,12.192307692307692,5,6,14,22,7,12.192307692307692,5,7.6,2.6,0.32,1,0.7173145296704491,1
1,44,1,9085,1,39,140.0,1,3,3,2,2,140.0,1,0,0,1,0,0,19,0,0,6,10,6,13.0,0,0,6,19,5,13.0,0,12.4,0.5,1.79,1,0.9103559179091392,1
1,17,3,9500,1,1,132.0,1,37,37,4,3,127.3,1,0,0,1,0,0,20,0,0,7,7,6,13.383333333333333,0,0,7,7,6,13.383333333333333,0,7.6,2.6,0.32,1,0.9581159082910242,1
1,1,2,9773,1,1,135.0,1,37,37,5,5,126.3,1,1,0,1,0,1,20,0,0,6,6,6,14.666666666666666,0,0,6,7,6,14.571428571428571,0,8.9,1.4,3.51,1,0.9797257929858851,1
1,17,4,9070,1,1,160.0,1,1,19,5,7,155.5,1,0,0,1,0,0,18,0,0,6,6,6,14.0,0,0,6,6,6,15.0,0,11.1,0.6,2.02,1,0.9489037493717982,1
1,17,3,9500,1,1,138.0,1,1,19,7,8,129.3,1,0,0,1,0,1,18,0,0,7,8,6,13.271666666666668,0,0,8,11,7,12.94375,0,12.4,0.5,1.79,1,0.8996906967706223,1
1,1,4,9773,1,1,132.0,11,12,12,90,4,129.9,1,0,0,1,0,0,18,1,0,6,6,6,12.666666666666666,0,0,6,8,5,14.4,0,7.6,2.6,0.32,1,0.968009751388396,1
1,18,2,9238,1,1,121.0,1,19,1,4,3,121.4,1,0,0,1,0,1,19,0,0,6,8,4,10.75,0,0,6,11,5,11.5,0,15.5,2.8,-4.06,0,0.13342947632539862,1
1,1,2,9085,1,1,122.0,1,3,1,4,7,116.1,1,0,0,1,0,0,18,0,0,6,13,6,13.153846153846152,0,0,6,12,3,11.0,0,15.5,2.8,-4.06,0,0.12714602435472658,1
1,7,1,9991,0,40,150.0,1,37,37,6,6,150.0,1,0,0,1,1,0,44,0,3,7,9,7,13.5,0,0,5,6,5,16.2,0,8.9,1.4,3.51,1,0.9758990299500803,0
1,39,1,9003,1,19,133.1,1,37,37,9,7,100.0,0,0,0,1,1,0,35,0,17,18,20,18,11.555555555555555,0,11,13,13,13,11.615384615384617,0,15.5,2.8,-4.06,1,0.9690797032848844,1
1,1,2,9500,1,1,131.0,1,1,1,5,9,129.5,1,0,0,1,0,1,19,0,0,8,8,8,13.9475,0,0,8,8,8,13.9475,0,9.4,-0.8,-3.12,1,0.9898348338786673,1
1,51,1,9500,1,1,127.0,1,19,1,5,9,150.0,0,0,0,1,0,1,19,0,0,7,9,5,13.85,0,0,8,9,7,12.19285714285714,0,11.1,0.6,2.02,1,0.8835881984893887,1
1,1,2,9500,1,1,149.0,1,19,38,9,9,126.5,1,0,0,1,0,0,18,0,0,8,8,7,12.914285714285713,0,0,8,8,7,12.914285714285713,0,12.7,3.7,-1.7,1,0.9775395619760026,1
1,17,3,171,1,1,147.0,1,19,1,5,4,137.6,1,0,0,1,0,1,20,0,0,0,0,0,0.0,0,0,0,0,0,0.0,0,12.7,3.7,-1.7,0,0.059326989889069204,1
1,1,1,9070,1,1,153.0,1,3,3,1,2,146.7,1,0,0,1,0,0,18,0,0,6,6,6,13.666666666666666,0,0,6,6,5,14.0,0,12.7,3.7,-1.7,1,0.934421385530861,1
1,1,1,9500,1,1,125.0,1,1,1,9,4,117.0,0,0,0,1,0,1,21,0,0,8,8,8,13.2575,0,0,8,8,8,13.2575,0,9.4,-0.8,-3.12,1,0.9968159616104991,1
1,43,2,9670,1,1,135.0,1,3,19,1,7,123.5,1,0,0,1,1,0,22,0,0,6,12,0,0.0,0,0,6,6,0,0.0,0,16.2,0.3,-0.92,0,0.0021975069994138764,0
1,1,1,9130,1,1,148.0,1,1,1,9,9,141.7,0,0,0,0,1,0,18,0,0,6,8,5,11.6,0,0,6,11,4,13.0,0,8.9,1.4,3.51,0,0.03532956061498436,0
1,17,1,9070,1,1,141.0,1,19,38,4,5,133.7,1,0,0,1,1,0,22,0,0,6,7,5,11.4,0,0,6,6,6,12.166666666666666,0,7.6,2.6,0.32,1,0.9763733926218435,1
1,1,1,9773,1,1,142.0,1,1,19,9,9,136.1,0,0,1,1,1,1,19,0,0,6,6,6,12.666666666666666,0,0,6,6,6,14.0,0,16.2,0.3,-0.92,1,0.9343804056411136,1
1,39,1,9003,1,1,100.0,1,37,37,9,5,110.0,0,0,0,1,0,0,41,0,8,12,17,12,11.833333333333334,0,3,12,22,9,12.7,0,15.5,2.8,-4.06,1,0.8281953014608532,1
5,39,1,9853,1,19,133.1,1,37,37,9,8,118.0,0,0,0,1,0,0,27,0,0,7,14,6,11.666666666666666,0,0,7,10,1,10.0,0,12.4,0.5,1.79,0,0.002507676394100831,0
1,17,3,9147,1,1,120.0,1,19,19,4,7,115.5,1,0,1,1,1,0,18,0,0,5,8,3,10.333333333333334,0,0,5,11,3,10.857142857142858,0,10.8,1.4,1.74,0,0.006736330873012402,0
1,17,1,9070,1,1,118.0,1,38,19,9,3,111.0,1,0,0,1,0,0,21,0,0,6,6,6,12.5,0,0,6,6,6,12.666666666666666,0,7.6,2.6,0.32,1,0.9940211919950938,1
1,1,6,9773,1,1,136.0,1,38,38,9,9,132.9,1,0,0,1,1,0,19,0,0,6,10,4,13.25,0,0,6,13,5,11.8,0,7.6,2.6,0.32,0,0.18335473472154687,1
1,17,1,9853,1,1,126.0,1,1,37,7,9,132.7,0,0,0,1,0,1,18,0,0,6,7,6,12.666666666666666,0,0,6,7,5,12.2,0,10.8,1.4,1.74,0,0.4521060502776338,1
1,1,1,9670,1,1,110.0,1,3,19,4,5,109.0,0,0,0,1,1,1,19,0,0,6,7,6,13.142857142857142,0,0,6,8,6,14.166666666666666,0,15.5,2.8,-4.06,1,0.9942305341577666,1
1,17,2,9500,1,1,135.0,1,19,1,5,4,127.3,1,0,0,1,0,0,18,0,0,7,8,7,13.30625,0,0,8,8,8,14.545,0,15.5,2.8,-4.06,1,0.9436045299333863,1
1,1,2,171,1,1,131.0,41,19,1,4,7,131.4,1,0,0,1,1,0,20,1,0,0,0,0,0.0,0,0,0,0,0,0.0,0,7.6,2.6,0.32,1,0.7059131100081933,1
1,17,2,9254,1,1,132.0,1,38,38,9,8,122.6,1,0,0,1,0,1,20,0,0,6,6,6,13.166666666666666,0,0,6,6,6,14.0,0,13.9,-0.3,0.79,1,0.9356582619136834,1
5,39,1,9147,1,1,133.1,1,1,19,4,7,114.0,0,0,0,0,1,0,29,0,0,5,5,1,13.0,0,0,5,5,0,0.0,0,8.9,1.4,3.51,0,0.0002645030662021039,0
1,43,1,9853,1,1,140.0,1,3,1,3,3,128.3,1,0,0,1,0,0,35,0,19,21,21,21,12.61904761904762,0,13,19,19,19,12.789473684210526,0,12.4,0.5,1.79,1,0.9271695147525694,1
1,1,1,9670,1,1,116.0,1,38,19,0,2,116.7,1,0,0,1,1,0,21,0,0,5,8,0,0.0,0,0,5,5,0,0.0,0,9.4,-0.8,-3.12,0,0.014769006146281795,0
1,1,3,9500,1,1,139.0,1,3,1,4,1,126.0,1,0,0,1,1,0,18,0,0,8,15,5,12.288,1,0,8,15,5,12.288,1,10.8,1.4,1.74,0,0.27583909057878236,0
1,39,1,9130,1,19,133.1,1,19,3,9,2,140.0,1,0,1,1,1,0,24,0,0,6,13,5,13.142857142857142,0,0,6,15,3,12.666666666666666,0,16.2,0.3,-0.92,0,0.01194319743603104,0
1,17,5,9147,1,1,133.0,1,1,1,4,4,129.2,1,0,0,1,0,0,19,0,0,5,9,2,11.0,0,0,5,12,2,10.0,0,7.6,2.6,0.32,0,0.0013570982904334476,0
1,1,1,9238,1,1,130.0,1,1,1,4,4,124.8,0,0,0,1,0,1,18,0,0,6,9,6,11.5,0,0,6,11,5,14.0,0,11.1,0.6,2.02,1,0.6238053088991226,1
1,17,3,9085,1,1,121.0,1,38,1,9,9,111.9,1,0,0,1,1,0,21,0,0,5,11,0,0.0,0,0,5,10,5,12.285714285714286,1,10.8,1.4,1.74,1,0.544135489105474,1
1,17,2,9238,1,3,105.0,1,37,37,7,8,129.7,1,0,0,1,0,1,20,0,0,6,6,6,12.333333333333334,0,0,6,6,6,10.666666666666666,0,9.4,-0.8,-3.12,1,0.8997293395671052,1
1,17,5,9238,1,1,122.0,1,37,37,7,5,112.9,1,0,0,1,0,1,19,0,0,6,8,6,12.125,0,0,6,7,6,12.714285714285714,0,16.2,0.3,-0.92,1,0.9922804043773279,1
1,17,2,9853,1,1,123.0,1,1,1,3,9,116.7,1,0,0,1,0,0,19,0,0,6,8,5,13.0,0,0,6,8,4,10.75,0,9.4,-0.8,-3.12,0,0.3924526452583496,1
1,17,1,9500,1,1,131.0,1,2,38,4,5,132.3,1,0,0,1,0,0,19,0,0,7,7,6,11.683333333333332,0,0,7,7,6,11.683333333333332,0,7.6,2.6,0.32,1,0.9777341236905444,1
1,1,1,9238,1,1,145.0,1,19,1,6,5,127.9,1,0,0,1,0,0,19,0,0,6,7,6,13.714285714285714,0,0,6,6,6,13.166666666666666,0,12.7,3.7,-1.7,1,0.976704108806256,1
1,1,2,9670,1,1,123.0,1,1,38,7,7,120.6,1,0,0,1,1,0,19,0,0,6,6,6,13.333333333333334,0,0,6,8,5,14.0,0,8.9,1.4,3.51,1,0.805526973747665,1
1,39,1,9070,1,1,130.0,1,1,19,4,4,110.0,1,0,0,1,0,0,24,0,0,6,6,6,15.166666666666666,0,0,6,6,2,15.5,0,15.5,2.8,-4.06,0,0.28152380671568766,1
1,17,1,9670,1,1,130.0,1,3,19,5,5,121.6,0,0,0,1,0,0,18,0,0,6,6,6,13.666666666666666,0,0,6,8,5,13.6,0,8.9,1.4,3.51,1,0.9057934478249005,1
1,1,4,9500,1,1,138.0,1,37,19,9,9,127.8,1,0,0,1,0,0,19,0,0,7,7,6,14.983333333333334,0,0,7,7,6,14.983333333333334,0,7.6,2.6,0.32,1,0.9885487293358081,1
1,43,1,9070,1,1,125.0,1,38,37,8,7,131.7,1,0,0,1,1,0,20,0,3,6,6,4,12.75,0,3,9,12,3,12.666666666666666,0,12.4,0.5,1.79,0,0.015092089560054289,0
1,1,1,9991,0,1,130.0,1,2,37,3,9,131.4,0,0,0,1,1,0,34,0,0,5,6,5,12.4,0,0,5,9,5,13.428571428571429,0,13.9,-0.3,0.79,1,0.9104833712512043,1
1,1,4,9500,1,1,142.0,1,1,3,1,2,133.0,0,0,0,1,0,1,20,0,0,8,8,7,14.565714285714288,0,0,8,8,7,14.565714285714288,0,10.8,1.4,1.74,1,0.9909354774590745,1
1,17,2,9556,1,1,122.0,1,19,38,4,8,118.3,1,0,0,1,0,1,19,0,0,7,7,7,11.971428571428572,0,0,8,8,8,14.4375,0,15.5,2.8,-4.06,1,0.9692931834074634,1
4,39,1,9500,1,19,110.0,1,37,38,5,5,151.0,0,0,1,0,1,0,47,0,0,7,7,0,0.0,7,0,8,8,0,0.0,8,15.5,2.8,-4.06,0,8.467470619202694e-05,0
1,39,1,9119,1,1,150.0,1,3,3,4,4,150.0,1,0,0,1,1,0,27,0,0,5,10,1,14.0,0,0,5,0,0,0.0,0,8.9,1.4,3.51,0,0.003793567504469082,0
1,1,5,9500,1,1,127.0,1,19,19,7,8,120.3,1,0,0,1,0,1,18,0,0,8,8,7,12.694285714285714,0,0,8,8,7,12.694285714285714,0,10.8,1.4,1.74,1,0.9810876801461624,1
1,43,1,9003,1,1,120.0,1,1,1,4,10,134.4,0,0,0,1,1,0,24,0,0,6,7,6,15.714285714285714,0,0,6,10,6,15.9,0,15.5,2.8,-4.06,1,0.5530453488823528,0
1,1,1,9085,1,1,120.0,1,37,37,9,1,123.2,0,0,0,1,0,0,20,0,0,5,8,5,14.166666666666666,2,0,5,6,4,11.75,2,9.4,-0.8,-3.12,1,0.9328104909956673,1
1,39,1,171,1,1,147.0,1,37,38,175,193,133.3,0,0,0,0,0,0,32,0,0,0,0,0,0.0,0,0,0,0,0,0.0,0,16.2,0.3,-0.92,0,0.004274697409726304,0
1,1,5,9500,1,1,111.0,1,3,4,4,3,108.2,1,0,0,1,0,0,20,0,2,7,9,6,13.266666666666666,0,0,7,10,5,12.3,0,12.4,0.5,1.79,1,0.9681497752783814,0
1,39,1,9500,1,1,130.0,1,19,19,3,7,129.0,0,0,1,0,0,0,26,0,0,7,11,4,12.86,0,0,7,10,5,11.566666666666668,0,12.4,0.5,1.79,0,0.002993270717867289,0
1,1,2,9500,1,1,144.0,1,38,37,9,9,128.8,1,0,0,1,1,0,19,0,0,7,7,6,13.2,0,0,7,7,6,13.2,0,7.6,2.6,0.32,1,0.9880848499434463,1
1,1,1,9853,1,1,131.0,1,19,19,3,7,127.9,1,0,0,1,0,1,18,0,0,7,7,7,14.857142857142858,0,0,7,7,7,15.142857142857142,0,13.9,-0.3,0.79,1,0.9632521757793525,1
1,1,2,9085,1,1,117.0,1,38,37,9,9,113.5,1,0,0,1,0,1,21,0,0,5,7,4,12.0,0,0,5,5,5,12.2,0,10.8,1.4,1.74,1,0.9849930356014386,1
4,1,1,9991,0,1,130.0,1,37,37,9,9,118.1,0,0,1,0,0,0,37,0,0,5,0,0,0.0,0,0,5,0,0,0.0,0,12.7,3.7,-1.7,0,0.00017756965477400038,0
1,17,1,9238,1,1,153.0,1,38,38,7,7,159.7,1,0,0,1,0,1,18,0,0,6,7,6,15.142857142857142,0,0,6,6,6,15.833333333333334,0,12.7,3.7,-1.7,1,0.9962373625964701,1
1,1,1,9670,1,1,139.0,1,38,19,5,7,130.6,1,0,0,1,0,0,18,0,0,6,6,6,12.333333333333334,0,0,6,7,5,14.2,0,13.9,-0.3,0.79,1,0.9277608932457089,1
1,1,4,9773,1,1,122.0,1,19,19,9,7,121.0,1,0,0,1,0,0,20,0,0,6,7,6,13.571428571428571,0,0,6,6,6,13.333333333333334,0,13.9,-0.3,0.79,1,0.8757925682312918,1
1,1,2,9254,1,1,127.0,1,3,19,3,10,130.9,1,0,0,1,0,0,18,0,0,6,8,6,11.333333333333334,0,0,6,8,5,12.6,0,9.4,-0.8,-3.12,1,0.9184121994200798,1
1,39,1,9556,1,1,133.1,1,38,19,9,6,100.0,1,0,0,1,0,1,25,0,0,7,11,5,12.58,0,0,7,9,6,12.157142857142857,0,8.9,1.4,3.51,1,0.9735041335939544,1
1,1,1,9670,1,1,154.0,1,1,1,5,7,154.7,0,0,0,1,0,1,18,0,0,5,6,5,11.8,0,0,5,5,5,12.6,0,9.4,-0.8,-3.12,1,0.9781300775480444,1
1,1,1,171,1,1,133.1,1,3,1,2,4,128.2,1,0,0,1,0,0,20,0,5,12,13,12,11.23076923076923,0,3,11,18,9,12.77777777777778,0,11.1,0.6,2.02,1,0.6550169941668655,1
1,1,1,9238,1,1,140.0,1,19,38,9,9,132.0,0,0,0,1,1,0,19,0,0,6,10,5,11.571428571428571,0,0,6,10,3,13.0,0,16.2,0.3,-0.92,0,0.11459942668361818,0
1,39,1,8014,0,1,100.0,1,37,37,6,5,107.5,0,0,0,1,0,0,41,0,0,2,2,0,0.0,0,0,6,0,0,0.0,0,12.7,3.7,-1.7,0,0.001244938233369112,0
1,1,5,9070,1,1,122.0,1,37,37,9,9,124.8,1,0,0,0,1,0,19,0,0,6,0,0,0.0,0,0,6,0,0,0.0,0,10.8,1.4,1.74,0,0.001276307482755768,0
1,1,3,9773,1,1,153.0,1,3,1,2,8,137.6,1,0,0,1,0,0,18,0,0,6,6,6,16.0,0,0,6,7,6,14.333333333333334,0,12.4,0.5,1.79,1,0.5364425573456038,1
1,7,1,8014,0,3,130.0,1,37,38,0,5,130.0,0,0,0,0,0,0,28,0,0,6,12,1,11.0,0,0,6,0,0,0.0,0,12.7,3.7,-1.7,0,0.001317197214987502,0
1,1,6,9500,1,1,143.0,1,38,19,7,9,129.5,1,0,0,1,0,1,18,0,0,8,8,7,13.79857142857143,0,0,8,8,7,13.79857142857143,0,10.8,1.4,1.74,1,0.9686127024003763,1
1,1,1,9130,1,1,132.0,1,19,38,9,9,130.4,1,0,0,1,1,0,18,0,0,6,6,6,13.5,0,0,6,9,5,13.2,0,8.9,1.4,3.51,1,0.6938520270622579,1
1,1,1,9773,1,1,132.0,1,2,1,9,9,126.4,1,1,0,1,0,1,18,0,0,6,9,6,11.166666666666666,0,0,6,11,5,12.4,0,10.8,1.4,1.74,1,0.8995727757090828,1
2,43,1,9670,1,1,120.0,1,34,34,0,0,128.2,0,0,0,1,1,0,35,0,0,5,5,0,0.0,0,0,5,5,1,10.0,0,9.4,-0.8,-3.12,0,0.00044714167300952064,0
1,15,1,9119,1,1,133.1,41,1,3,5,8,100.0,0,0,1,1,1,0,21,1,0,5,5,0,0.0,0,0,6,8,0,0.0,0,11.1,0.6,2.02,0,0.003886436083239312,0
1,17,1,9238,1,1,120.0,1,19,37,9,9,113.0,1,0,0,1,0,1,20,0,0,6,7,6,11.714285714285714,0,0,6,8,6,12.625,0,13.9,-0.3,0.79,1,0.9944024523154921,1
2,39,2,9119,1,19,133.1,1,37,37,7,7,118.0,0,0,0,0,1,0,33,0,0,5,11,0,0.0,0,0,5,5,0,0.0,0,9.4,-0.8,-3.12,0,0.0002014316050893483,0
1,39,1,8014,0,1,130.0,1,37,37,9,8,103.5,0,0,0,1,0,1,33,0,0,6,6,6,14.166666666666666,0,0,6,6,6,14.333333333333334,0,12.7,3.7,-1.7,1,0.9960678909935734,1
1,1,1,9238,1,1,127.0,1,2,2,3,4,115.8,1,0,0,1,1,0,19,0,0,6,11,3,12.0,0,0,6,12,2,10.0,0,11.1,0.6,2.02,0,0.0021897459184144954,0
1,39,1,9085,1,1,133.1,1,3,19,2,9,110.0,0,0,0,1,0,0,28,0,0,6,15,4,12.0,0,0,6,14,4,12.0,0,11.1,0.6,2.02,0,0.16914309503501126,0
1,39,1,9991,0,40,140.0,1,1,19,9,9,139.0,0,0,0,1,0,0,27,0,0,5,5,5,15.8,0,0,5,5,5,14.8,0,8.9,1.4,3.51,1,0.9868918489783757,1
1,15,1,9147,1,1,150.0,1,38,1,9,1,150.0,0,0,0,1,1,0,19,0,0,5,5,5,10.6,0,0,5,8,5,11.6,0,12.4,0.5,1.79,1,0.9581333375216894,1
1,1,1,171,1,1,156.0,1,19,38,9,1,153.6,1,0,0,1,0,0,18,0,0,0,0,0,0.0,0,0,0,0,0,0.0,0,9.4,-0.8,-3.12,0,0.351076202108929,1
1,1,5,9500,1,1,130.0,1,19,37,9,7,127.6,1,0,0,1,0,0,18,0,0,7,10,7,12.9,0,0,8,15,7,12.142857142857142,0,15.5,2.8,-4.06,1,0.9821149454948676,0
1,17,1,9254,1,1,136.0,1,39,3,3,3,128.7,1,0,0,1,0,0,20,0,0,6,8,6,11.666666666666666,0,0,6,10,6,11.0,0,13.9,-0.3,0.79,1,0.8296154297982293,0
1,1,6,9500,1,1,125.0,1,19,19,9,9,115.9,0,0,0,1,0,0,18,0,0,7,7,7,13.557142857142855,0,0,8,9,8,13.2,0,12.4,0.5,1.79,1,0.9825309777586205,1
1,1,2,9773,1,1,130.0,1,38,37,5,3,122.3,1,0,1,0,0,0,18,0,0,6,8,6,14.142857142857142,0,0,6,6,5,12.0,0,13.9,-0.3,0.79,0,0.02729843835784227,0
1,7,1,9085,1,40,130.0,1,1,1,4,4,130.0,1,0,0,1,0,0,22,0,0,6,7,6,17.0,0,0,6,7,6,16.285714285714285,0,11.1,0.6,2.02,1,0.8616782793719934,1
1,1,1,8014,0,1,125.0,1,37,37,9,7,114.9,0,0,0,1,0,0,29,0,8,11,14,11,12.75,0,3,7,7,7,13.428571428571429,0,9.4,-0.8,-3.12,1,0.9894633971395158,1
1,44,1,9238,1,39,150.0,1,1,37,4,8,145.6,1,0,0,1,0,1,20,0,3,6,6,6,13.333333333333334,0,2,6,6,6,14.166666666666666,0,13.9,-0.3,0.79,1,0.9840571428415242,1
2,7,1,8014,0,3,130.0,1,35,35,90,90,140.0,0,0,0,0,0,0,59,0,10,15,22,12,13.333333333333334,0,8,8,8,8,12.875,0,10.8,1.4,1.74,0,0.11670462208648127,0
1,1,1,9773,1,1,146.0,1,37,37,9,7,149.2,1,0,0,1,1,1,21,0,0,6,6,6,13.5,0,0,6,6,6,14.166666666666666,0,12.7,3.7,-1.7,1,0.9904009283653329,1
1,53,1,9147,1,42,140.0,1,3,4,2,1,140.2,0,0,0,1,0,0,20,0,6,11,19,9,12.555555555555555,0,3,9,14,8,11.11111111111111,0,8.9,1.4,3.51,1,0.8882281664017259,1
1,17,4,9670,1,1,125.0,1,1,1,4,90,125.4,1,0,0,1,1,0,19,0,0,5,6,3,13.333333333333334,0,0,5,5,1,11.0,0,7.6,2.6,0.32,0,0.009404244727956255,0
1,39,1,8014,0,15,133.1,1,34,34,0,0,100.0,1,0,0,0,0,0,37,0,0,5,9,0,0.0,0,0,5,5,0,0.0,5,9.4,-0.8,-3.12,0,0.00035005603116327743,0
1,42,1,9147,1,1,135.0,1,19,1,4,4,120.0,0,0,0,0,1,0,25,0,0,5,6,0,0.0,0,0,5,5,0,0.0,0,15.5,2.8,-4.06,0,0.000378610226415258,0
1,7,1,9147,1,3,130.0,1,37,19,9,8,130.0,0,0,0,1,0,0,21,0,4,9,9,9,10.88888888888889,0,3,10,18,10,11.615384615384617,0,10.8,1.4,1.74,1,0.9657439083848148,1
1,44,1,9119,1,39,150.0,1,19,37,9,9,150.0,1,0,1,1,1,0,20,0,0,5,6,5,16.5,0,0,5,7,5,17.714285714285715,0,12.4,0.5,1.79,0,0.2769578958703403,0
1,17,2,9238,1,1,125.0,1,19,19,3,3,118.0,1,0,0,1,0,0,18,0,0,6,9,5,11.0,0,0,6,9,4,11.25,0,8.9,1.4,3.51,1,0.6659458116118063,1
1,17,3,9500,1,1,142.0,1,3,3,3,3,132.9,1,0,0,1,1,0,18,0,0,7,8,5,14.2,0,0,7,9,6,12.4,0,12.4,0.5,1.79,1,0.6342255335242181,0
1,1,1,9773,1,1,124.0,17,1,1,3,5,118.1,1,0,1,0,0,0,19,1,0,6,8,5,12.2,0,0,6,6,4,11.75,0,16.2,0.3,-0.92,0,0.005678009836696199,0
1,17,4,9254,1,1,133.0,1,37,37,5,8,128.5,1,0,0,1,0,1,18,0,0,6,14,2,11.0,0,0,6,14,3,10.333333333333334,0,7.6,2.6,0.32,0,0.004571985731550369,0
1,1,1,9991,0,1,172.0,1,38,37,9,9,149.3,0,0,0,1,1,1,24,0,0,5,5,5,16.0,0,0,5,5,5,16.0,0,8.9,1.4,3.51,1,0.9965171753006008,1
1,15,1,9130,1,1,133.1,41,1,1,4,4,100.0,0,0,0,1,0,0,26,1,0,6,7,2,12.0,1,0,6,6,0,0.0,0,8.9,1.4,3.51,0,0.0005484585462733326,0
2,44,1,9003,1,39,140.0,1,37,37,4,7,140.0,0,0,0,1,1,0,37,0,0,6,17,1,12.0,0,0,6,23,2,10.5,1,16.2,0.3,-0.92,0,0.00037788449728873573,0
1,1,1,171,1,1,146.0,1,19,37,9,7,153.0,1,0,0,1,0,1,21,0,15,17,18,17,13.38888888888889,0,15,17,18,17,14.88888888888889,0,11.1,0.6,2.02,1,0.9920899724885789,1
1,1,1,9773,1,1,131.0,1,38,1,5,7,131.0,1,0,0,1,1,1,18,0,0,6,7,6,12.714285714285714,0,0,6,8,5,11.833333333333334,0,13.9,-0.3,0.79,1,0.70809653842115,1
1,39,1,9670,1,12,133.1,1,37,1,9,3,120.0,0,0,1,0,1,0,40,0,0,6,13,0,0.0,0,0,6,6,0,0.0,0,15.5,2.8,-4.06,0,0.00014416127880865335,0
1,44,1,9003,1,39,140.0,1,1,38,9,1,140.0,1,0,0,1,1,0,22,0,0,6,12,5,12.6,0,0,6,11,6,11.714285714285714,0,12.4,0.5,1.79,1,0.7311667334719969,1
1,17,2,9147,1,1,116.0,1,1,38,4,3,114.6,1,0,0,1,0,0,19,0,0,5,15,2,10.75,0,0,5,11,2,10.0,0,13.9,-0.3,0.79,0,0.0016704670543832923,0
1,17,1,9085,1,1,133.1,1,1,19,5,9,130.0,0,0,0,1,1,0,22,0,0,5,8,3,13.0,0,0,5,8,3,10.666666666666666,0,7.6,2.6,0.32,0,0.08822961617631156,1
1,1,1,9254,1,1,115.0,1,3,2,4,5,112.6,0,0,0,1,1,1,20,0,0,6,9,6,12.571428571428571,0,0,6,6,6,12.166666666666666,0,8.9,1.4,3.51,1,0.9967679356764898,1
1,39,1,9085,1,40,130.0,1,3,2,3,2,160.0,1,0,0,1,0,0,27,0,0,6,7,6,16.142857142857142,0,0,6,7,6,14.666666666666666,0,13.9,-0.3,0.79,1,0.8602029255786711,1
1,39,1,9003,1,1,130.0,1,1,1,9,4,140.0,0,0,0,0,1,0,25,0,0,6,0,0,0.0,0,0,6,0,0,0.0,0,13.9,-0.3,0.79,0,0.0004577330291216028,0
1,17,1,9085,1,1,142.0,1,3,37,4,8,132.4,1,0,0,1,0,0,18,0,0,6,8,6,13.857142857142858,0,0,6,15,6,13.1,0,12.4,0.5,1.79,1,0.9703956797976556,1
1,1,5,9147,1,1,122.0,1,38,38,9,9,117.5,1,0,1,0,0,0,22,0,0,5,12,2,11.5,0,0,5,12,0,0.0,0,12.7,3.7,-1.7,0,0.000352267868192811,0
1,1,1,9773,1,1,160.0,1,1,38,4,7,146.5,0,0,0,1,0,1,18,0,0,6,7,6,13.428571428571429,0,0,6,10,6,13.5,0,13.9,-0.3,0.79,1,0.9758530875452835,1
1,1,4,9500,1,1,123.0,1,1,1,3,3,113.6,1,0,0,1,0,0,21,0,0,7,8,7,14.69625,0,0,8,9,8,14.622222222222224,0,12.4,0.5,1.79,1,0.9925237175790571,1
1,1,2,9147,1,1,140.0,1,19,19,9,4,127.8,1,0,0,1,1,0,23,0,0,5,7,3,10.666666666666666,1,0,5,7,3,11.333333333333334,0,9.4,-0.8,-3.12,0,0.052241742547733824,0
1,1,1,171,1,1,116.0,1,38,1,5,1,111.1,0,0,0,1,1,0,21,0,0,0,0,0,0.0,0,0,0,0,0,0.0,0,13.9,-0.3,0.79,0,0.037768189062481534,0
1,1,2,9773,1,1,154.0,1,38,38,9,9,133.4,1,0,0,1,0,1,19,0,0,6,7,5,11.4,0,0,6,8,5,12.8,0,12.7,3.7,-1.7,1,0.7199532390398797,1
1,39,1,9500,1,1,140.0,1,3,3,1,1,140.0,1,0,0,1,0,0,24,0,0,8,8,8,13.385,0,0,8,8,8,13.385,0,9.4,-0.8,-3.12,1,0.9703922400302881,1
1,17,1,9773,1,1,120.0,1,37,37,5,5,125.3,0,0,0,1,0,0,18,0,0,6,9,6,12.5,0,0,6,9,6,13.0,0,7.6,2.6,0.32,1,0.9812823441391091,1
1,16,2,9147,1,1,131.0,1,37,37,9,9,135.9,1,0,0,1,1,0,20,0,0,5,8,1,10.0,0,0,5,7,1,11.0,0,7.6,2.6,0.32,0,0.010415609138214413,0
1,1,2,9500,1,1,126.0,1,37,1,7,7,118.7,1,0,0,1,0,0,19,0,0,7,0,0,0.0,0,0,8,0,0,0.0,0,13.9,-0.3,0.79,0,0.0020023853348096077,0
1,1,1,171,1,1,141.0,1,1,38,4,8,136.8,1,0,0,1,0,1,18,0,0,0,0,0,0.0,0,0,0,0,0,0.0,0,13.9,-0.3,0.79,1,0.5343204120127008,1
1,39,1,9991,0,19,133.1,1,37,37,9,9,117.2,0,0,0,1,0,0,41,0,0,5,8,5,11.0,0,0,5,6,5,11.8,1,7.6,2.6,0.32,1,0.8362458320040622,1
1,17,4,9500,1,1,150.0,1,38,37,9,9,130.8,0,0,0,1,1,1,22,0,0,7,7,7,14.842857142857142,0,0,8,9,8,15.055555555555555,0,16.2,0.3,-0.92,1,0.9709708735790049,1
2,39,1,9556,1,1,100.0,1,37,37,9,9,120.0,0,0,0,1,0,0,47,0,1,7,16,6,12.514285714285716,0,0,7,15,4,11.75,0,12.7,3.7,-1.7,0,0.09219205200593202,0
1,1,1,9238,1,1,117.0,1,1,19,4,7,113.5,1,0,0,1,0,1,18,0,0,6,6,6,13.166666666666666,0,0,6,7,6,14.142857142857142,0,11.1,0.6,2.02,1,0.9932234597656131,1
1,1,1,9003,1,1,148.0,1,19,37,9,9,131.6,1,0,0,1,1,0,19,0,8,12,17,11,12.0,2,4,12,21,12,12.307692307692308,0,15.5,2.8,-4.06,1,0.9285391795800204,1
1,1,2,9085,1,1,127.0,1,38,37,5,7,123.9,1,0,0,1,0,0,18,0,0,5,9,4,13.0,0,0,5,8,5,13.142857142857142,0,10.8,1.4,1.74,1,0.9682458799782632,1
1,1,1,9238,1,1,154.0,1,38,38,9,9,156.5,1,1,0,1,0,1,18,0,0,6,8,6,11.714285714285714,0,0,6,6,6,14.666666666666666,0,12.7,3.7,-1.7,1,0.9919936100089047,1
1,39,1,9003,1,1,130.0,1,19,19,9,5,100.0,0,0,0,0,1,0,29,0,0,6,9,0,0.0,0,0,6,6,0,0.0,0,13.9,-0.3,0.79,0,0.0002963635503594903,0
1,1,1,9853,1,1,125.0,1,37,37,9,9,114.9,1,0,1,0,0,0,21,0,0,6,8,3,13.666666666666666,0,0,6,7,3,10.666666666666666,0,15.5,2.8,-4.06,0,0.00034889526048900705,0
1,44,1,9003,1,39,150.0,1,3,2,2,2,150.0,0,0,0,1,1,0,25,0,9,14,16,14,12.428571428571429,0,3,9,13,6,10.857142857142858,0,15.5,2.8,-4.06,1,0.7156917626739085,0
1,1,1,9147,1,1,131.0,1,38,38,9,9,126.5,0,0,0,1,0,1,18,0,0,5,5,5,10.6,0,0,5,5,5,11.8,0,12.4,0.5,1.79,1,0.9902945885501373,1
1,42,1,9670,1,1,130.0,1,1,1,9,10,116.3,1,0,0,1,0,1,20,0,3,7,10,6,12.833333333333334,0,2,8,8,5,11.8,0,12.7,3.7,-1.7,1,0.9458931509950872,1
2,39,2,8014,0,19,100.0,1,37,37,4,7,100.0,0,0,1,1,0,0,37,0,0,6,9,6,11.833333333333334,0,0,6,7,6,11.0,0,7.6,2.6,0.32,1,0.921396322097779,1
1,1,1,9853,1,1,125.0,1,34,37,9,9,129.2,1,0,1,0,0,0,20,0,0,6,12,3,10.333333333333334,0,0,6,14,1,11.0,0,10.8,1.4,1.74,0,0.0002525610904976803,0
4,39,1,9991,0,1,133.1,1,37,37,5,5,138.7,0,0,0,1,0,0,31,0,0,5,7,3,10.333333333333334,0,0,5,6,3,12.0,0,10.8,1.4,1.74,0,0.023999129779392562,0
1,39,1,9670,1,9,133.1,1,6,22,3,3,120.0,0,0,1,0,1,0,26,0,0,5,5,0,0.0,0,0,5,5,0,0.0,5,9.4,-0.8,-3.12,0,0.0001453057099741495,0
2,39,1,9119,1,1,120.0,1,34,34,0,0,140.0,1,0,0,1,1,0,33,0,0,5,14,1,18.0,0,0,5,9,2,13.0,0,9.4,-0.8,-3.12,0,0.003915798784346053,0
1,1,1,9238,1,1,148.0,1,37,37,9,9,143.5,0,0,0,1,0,0,18,0,0,6,6,6,13.0,0,0,6,6,6,12.833333333333334,0,10.8,1.4,1.74,1,0.9332600732082657,1
2,39,1,9070,1,12,110.0,1,37,38,5,10,130.0,0,0,1,0,1,1,46,0,0,6,6,0,0.0,0,0,6,6,0,0.0,0,15.5,2.8,-4.06,0,0.00018442495641679934,0
1,39,1,9991,0,1,150.0,1,37,37,9,7,150.0,0,0,0,1,0,0,27,0,0,5,0,0,0.0,0,0,5,0,0,0.0,0,15.5,2.8,-4.06,0,0.004687995382157119,0
1,1,1,9773,1,1,116.0,1,37,37,0,5,114.3,1,0,0,1,0,0,20,0,0,4,8,0,0.0,0,0,4,8,0,0.0,0,7.6,2.6,0.32,0,0.003330176022689485,0
1,39,1,9991,0,1,150.0,1,1,37,4,6,120.0,0,0,0,1,1,0,25,0,0,5,6,4,10.5,0,0,5,6,5,12.0,0,9.4,-0.8,-3.12,0,0.283350024149703,1
1,43,2,9500,1,1,136.0,1,38,38,9,5,131.3,0,0,0,1,0,0,23,0,11,14,15,12,12.625,1,11,14,15,12,12.625,1,7.6,2.6,0.32,1,0.8985136047339747,1
1,39,2,9147,1,1,130.0,1,19,19,5,9,121.5,0,0,0,0,1,0,26,0,0,5,5,2,10.5,0,0,5,9,0,0.0,0,10.8,1.4,1.74,0,0.0003733763342253094,0
1,51,1,9670,1,1,133.1,1,3,1,3,10,116.2,0,0,0,1,1,0,24,0,0,6,11,5,12.857142857142858,0,0,6,12,5,13.666666666666666,0,11.1,0.6,2.02,0,0.46192493609160995,0
1,1,1,9238,1,1,133.1,1,38,38,191,192,118.0,0,0,1,1,0,1,20,0,0,6,7,5,11.4,0,0,6,9,6,11.5,0,8.9,1.4,3.51,1,0.9971780777415495,1
1,1,3,9773,1,1,143.0,11,19,19,4,9,133.9,1,0,0,1,1,1,18,1,0,6,7,6,13.5,0,0,6,7,6,13.0,0,16.2,0.3,-0.92,1,0.9660523837523317,1
1,1,3,9500,1,1,139.0,1,19,1,9,5,135.0,1,0,0,1,0,1,18,0,0,8,8,7,12.214285714285714,0,0,8,8,7,12.214285714285714,0,12.7,3.7,-1.7,1,0.9808429472171404,1
1,1,1,9085,1,1,133.0,1,38,37,9,7,120.1,1,0,0,1,0,0,18,0,0,5,8,4,12.75,1,0,5,10,4,11.75,0,12.7,3.7,-1.7,1,0.7903560469951184,1
2,39,1,9991,0,1,170.0,1,37,19,9,3,151.1,0,0,0,1,1,0,48,0,0,5,9,5,12.285714285714286,0,0,5,8,5,11.125,0,16.2,0.3,-0.92,1,0.7743168607151145,1
1,17,1,9670,1,1,126.0,1,12,38,9,5,122.2,0,0,0,1,0,1,19,0,0,6,6,6,13.666666666666666,0,0,6,9,6,13.666666666666666,0,8.9,1.4,3.51,1,0.945039841776692,1
1,44,1,9003,1,39,130.0,1,37,37,9,10,130.0,0,0,0,1,1,0,25,0,0,6,6,0,0.0,0,0,6,8,0,0.0,0,15.5,2.8,-4.06,0,0.0010277659105738621,0
1,1,6,9500,1,1,138.0,1,4,19,2,3,124.7,1,0,0,1,1,0,18,0,0,7,0,0,0.0,0,0,8,0,0,0.0,0,16.2,0.3,-0.92,0,0.002293861201435001,0
1,44,1,9238,1,1,140.0,1,1,1,5,5,143.4,0,0,0,1,0,1,21,0,3,6,6,6,14.833333333333334,0,2,6,7,6,12.571428571428571,0,13.9,-0.3,0.79,1,0.9848801424169485,1
5,39,1,9238,1,1,130.0,1,19,38,9,10,146.0,0,0,0,1,1,0,34,0,0,6,8,5,12.6,0,0,6,11,4,11.25,0,12.4,0.5,1.79,1,0.5658744467489815,1
1,43,1,9556,1,1,140.0,1,37,37,9,9,128.0,1,0,0,0,0,0,32,0,0,7,7,0,0.0,7,0,8,8,0,0.0,7,10.8,1.4,1.74,0,7.431581361698242e-05,0
1,1,1,9070,1,1,136.0,1,3,3,9,9,136.0,1,0,1,0,0,1,19,0,0,6,6,6,11.833333333333334,0,0,6,8,6,12.875,0,10.8,1.4,1.74,1,0.5741290604799616,1
1,17,3,9500,1,1,133.0,1,3,19,2,5,130.8,1,0,0,1,0,0,19,0,0,8,8,8,13.427499999999998,0,0,8,8,8,13.427499999999998,0,9.4,-0.8,-3.12,1,0.9729130446151285,1
1,17,3,9254,1,1,127.0,1,12,38,5,7,116.9,1,0,1,1,0,0,18,0,0,6,7,5,12.2,0,0,6,10,4,12.25,0,12.4,0.5,1.79,0,0.27286048422749837,0
1,42,1,9147,1,1,130.0,1,34,34,99,99,109.8,1,0,0,0,1,0,23,0,0,3,3,0,0.0,0,0,2,2,0,0.0,0,7.6,2.6,0.32,0,0.0007661434160016649,0
1,1,3,9147,1,1,136.0,1,38,38,9,9,127.3,1,0,0,1,1,0,19,0,0,5,8,3,11.0,0,0,5,7,2,10.0,0,12.7,3.7,-1.7,0,0.020013813676631104,0
4,39,1,9991,0,1,120.0,1,19,19,9,3,113.9,1,0,0,1,0,0,39,0,0,5,8,5,11.0,0,0,5,5,5,11.6,0,7.6,2.6,0.32,1,0.7370098895260667,1
1,17,2,9254,1,1,124.0,41,19,38,9,9,123.3,1,0,0,1,0,0,22,1,0,6,7,6,10.833333333333334,0,0,6,6,6,10.666666666666666,0,13.9,-0.3,0.79,1,0.8684722203686831,1
1,17,1,9238,1,1,145.0,1,38,38,5,7,138.0,1,0,0,1,0,0,20,0,0,6,11,5,11.2,0,0,6,6,6,12.0,0,9.4,-0.8,-3.12,1,0.9849854519601117,1
1,43,1,9500,1,1,157.0,1,38,3,5,2,141.4,0,0,0,1,0,0,21,0,3,7,8,7,13.3875,0,2,8,8,8,15.9,0,13.9,-0.3,0.79,1,0.9440795865558101,1
1,1,1,9254,1,1,136.0,1,3,3,2,2,128.7,0,0,0,1,1,0,19,0,0,6,7,6,14.428571428571429,0,0,6,6,6,12.5,0,8.9,1.4,3.51,1,0.9765560632123356,1
1,17,4,9238,1,1,129.0,1,37,37,9,8,117.1,1,0,0,1,1,0,21,0,0,6,6,6,12.333333333333334,0,0,6,7,6,13.666666666666666,0,8.9,1.4,3.51,1,0.9868008363793519,1
1,39,1,9991,0,1,130.0,1,38,38,9,9,120.0,0,0,0,1,0,0,27,0,0,5,12,5,10.6,0,0,5,10,5,11.0,0,9.4,-0.8,-3.12,0,0.3494575955175444,0
1,7,1,9500,1,3,120.0,1,37,37,4,5,120.0,0,0,1,0,0,0,28,0,0,7,7,0,0.0,7,0,7,7,0,0.0,7,13.9,-0.3,0.79,0,4.8566756854605615e-05,0
1,17,1,9670,1,1,118.0,1,19,38,7,9,113.5,1,0,0,1,0,1,19,0,0,6,9,5,13.5,0,0,6,6,6,14.0,0,12.4,0.5,1.79,1,0.9964170490153714,1
1,39,1,9003,1,19,133.1,1,1,19,4,10,114.0,0,0,0,1,1,0,29,0,3,9,13,6,11.666666666666666,0,2,7,10,6,10.857142857142858,0,15.5,2.8,-4.06,1,0.726070714998807,0
1,1,1,9853,1,1,145.0,1,37,37,9,5,146.8,0,0,0,1,0,0,18,0,0,6,6,6,13.166666666666666,0,0,6,6,6,13.333333333333334,0,7.6,2.6,0.32,1,0.9903321274924259,1
1,18,3,9119,1,1,111.0,1,1,19,9,8,111.0,1,0,0,1,1,0,18,0,0,5,10,4,11.6,0,0,5,9,3,14.2,0,12.4,0.5,1.79,0,0.2468206394203583,0
1,1,2,9070,1,1,164.0,1,38,38,9,7,165.8,1,0,0,1,0,0,18,0,0,6,7,6,14.166666666666666,0,0,6,7,6,14.857142857142858,0,9.4,-0.8,-3.12,1,0.9824122108632585,1
1,44,1,9003,1,39,170.0,1,19,19,5,5,170.0,1,0,0,1,1,0,20,0,0,6,8,6,14.5,0,0,6,10,6,15.3,0,16.2,0.3,-0.92,1,0.9924360993680922,1
1,43,3,9500,1,1,140.0,1,1,19,9,7,127.5,1,0,1,1,0,1,20,0,0,7,9,7,12.327777777777778,0,0,8,10,8,11.736,0,15.5,2.8,-4.06,1,0.8384970521625154,1
1,1,2,9500,1,1,152.0,1,37,37,9,9,139.0,1,0,0,1,0,0,18,0,0,7,7,6,14.333333333333334,0,0,7,7,6,14.333333333333334,0,7.6,2.6,0.32,1,0.9904069692071287,1
1,1,1,9254,1,1,127.0,1,19,19,4,6,120.7,0,0,1,0,0,0,22,0,0,6,10,5,11.0,0,0,6,12,0,0.0,0,10.8,1.4,1.74,0,0.00036447853028954416,0
1,17,2,9254,1,1,121.0,1,19,38,6,6,116.1,1,0,0,1,1,0,19,0,0,6,8,5,11.2,0,0,6,11,4,12.5,0,15.5,2.8,-4.06,1,0.5459931896323265,1
1,17,4,9773,1,1,121.0,1,1,19,9,8,120.3,1,0,1,1,1,1,19,0,0,6,6,6,13.666666666666666,0,0,6,6,6,13.333333333333334,0,8.9,1.4,3.51,1,0.8260779700971077,1
1,17,1,9853,1,1,160.0,1,19,38,5,7,139.0,1,0,0,1,0,1,18,0,0,6,8,5,12.2,0,0,6,13,0,0.0,0,9.4,-0.8,-3.12,0,0.0025018398460775345,0
1,1,1,9119,1,1,129.0,1,12,1,4,10,124.1,1,0,0,1,1,0,19,0,0,5,10,0,0.0,0,0,5,10,1,14.0,3,7.6,2.6,0.32,0,0.007723663744584329,0
1,39,1,9254,1,1,150.0,1,37,37,9,9,115.0,0,0,0,1,1,0,36,0,0,6,8,6,13.571428571428571,0,0,6,9,5,13.2,0,12.7,3.7,-1.7,1,0.8854221630178606,1
1,1,2,9773,1,1,142.0,1,38,38,9,9,132.9,1,0,0,1,1,0,18,0,0,6,8,6,12.333333333333334,0,0,6,11,3,12.333333333333334,0,10.8,1.4,1.74,0,0.03894778414916651,1
1,1,1,9147,1,1,130.0,1,1,19,3,3,123.0,0,0,0,1,0,1,18,0,0,5,7,5,13.333333333333334,0,0,5,6,5,13.6,0,12.7,3.7,-1.7,1,0.9788837375914871,1
1,1,1,9500,1,1,162.0,1,3,4,3,3,154.1,0,0,0,1,0,0,18,0,0,7,7,7,14.45,0,0,8,9,8,14.144444444444444,0,11.1,0.6,2.02,1,0.9837036691550389,1
1,39,1,9003,1,1,110.0,1,1,1,9,4,120.0,0,0,1,0,1,0,27,0,0,6,0,0,0.0,0,0,6,0,0,0.0,0,13.9,-0.3,0.79,0,6.349092822010209e-05,0
1,39,1,9853,1,1,130.0,1,37,19,9,5,102.5,0,0,0,1,0,0,27,0,0,6,9,5,13.2,0,0,6,10,5,12.0,0,7.6,2.6,0.32,0,0.4647188671274222,1
1,17,6,9773,1,1,141.0,1,37,37,5,5,127.7,1,0,0,1,1,0,18,0,0,6,6,6,15.166666666666666,0,0,6,6,6,14.833333333333334,0,9.4,-0.8,-3.12,1,0.9584722654282398,1
1,1,1,9773,1,1,133.1,1,3,19,2,5,127.0,0,0,0,1,1,0,20,0,0,6,6,6,14.333333333333334,0,0,6,7,6,15.0,0,15.5,2.8,-4.06,1,0.9835089589528265,1
1,18,2,8014,0,1,117.0,1,3,1,3,4,111.8,1,0,0,1,0,1,19,0,0,6,8,6,10.833333333333334,0,0,6,9,6,11.5,0,10.8,1.4,1.74,1,0.9801719539589042,1
1,39,1,9991,0,1,139.0,1,1,1,4,10,140.7,0,0,0,1,1,0,25,0,0,5,13,1,10.0,0,0,5,8,2,11.333333333333334,0,12.4,0.5,1.79,0,0.002969489042282555,0
1,17,2,9254,1,1,130.0,1,19,19,7,7,121.6,1,0,0,1,0,1,18,0,0,6,9,1,10.0,1,0,6,6,0,0.0,0,12.7,3.7,-1.7,0,0.001813919879086995,0
1,1,1,9085,1,6,122.0,1,19,19,9,9,126.2,1,0,0,1,0,0,22,0,0,5,14,4,14.25,3,0,5,9,5,13.2,4,9.4,-0.8,-3.12,1,0.8557901762120326,0
1,1,1,9085,1,1,123.0,1,30,19,4,90,122.3,0,0,0,1,0,0,18,0,0,5,6,5,14.2,0,0,5,7,5,11.8,0,7.6,2.6,0.32,1,0.9901467512140566,1
1,10,1,9085,1,1,134.0,1,37,37,5,5,134.0,1,0,0,1,0,0,22,0,2,5,7,5,14.2,0,0,5,10,5,12.2,0,12.7,3.7,-1.7,1,0.9838506102869166,1
1,1,1,171,1,1,138.0,1,1,1,4,3,141.5,0,0,0,1,1,0,19,0,0,0,0,0,0.0,0,0,0,0,0,0.0,0,7.6,2.6,0.32,1,0.7525436984715764,1
1,7,1,9085,1,3,120.0,1,37,37,7,7,120.0,0,0,0,1,0,0,32,0,4,10,20,4,11.5,2,3,9,13,3,11.666666666666666,2,15.5,2.8,-4.06,0,0.005699410823698395,0
1,1,2,9500,1,1,133.1,1,19,38,7,9,125.5,1,0,0,1,0,1,21,0,0,7,9,7,13.2,0,0,8,9,7,13.2575,0,15.5,2.8,-4.06,1,0.9777354635679864,1
1,1,1,171,1,1,141.0,1,3,1,4,4,142.8,1,0,0,1,0,0,18,0,0,0,0,0,0.0,0,0,0,0,0,0.0,0,12.4,0.5,1.79,0,0.2530128162413548,1
1,1,4,9500,1,1,137.0,1,1,19,4,7,126.7,1,0,0,1,0,0,18,0,0,7,0,0,0.0,0,0,8,0,0,0.0,0,15.5,2.8,-4.06,0,0.007500497243224443,0
2,43,1,9003,1,1,149.0,1,1,1,4,5,156.1,1,0,0,0,1,0,29,0,0,6,6,0,0.0,0,0,6,8,0,0.0,0,15.5,2.8,-4.06,0,0.0021458967837992894,0
1,39,1,9254,1,1,130.0,1,19,38,9,7,113.5,0,0,0,1,0,1,24,0,0,6,6,6,13.666666666666666,0,0,6,6,6,14.166666666666666,0,12.4,0.5,1.79,1,0.9951759001510052,1
1,1,1,9070,1,1,126.0,1,1,19,4,0,120.1,0,1,0,1,0,1,20,0,0,6,6,6,13.166666666666666,0,0,6,6,6,12.666666666666666,0,11.1,0.6,2.02,1,0.9009375979542319,1
1,17,1,9254,1,1,116.0,1,38,37,9,6,109.7,1,0,0,1,0,0,22,0,0,6,7,5,14.0,0,0,6,6,6,15.666666666666666,0,11.1,0.6,2.02,1,0.9934160101746686,1
1,39,1,9254,1,1,133.1,1,1,1,9,6,105.0,1,0,1,0,0,0,24,0,0,6,14,6,11.285714285714286,0,0,6,16,3,10.333333333333334,0,8.9,1.4,3.51,0,0.002110736653961384,0
1,17,6,9500,1,1,148.0,1,1,19,3,3,131.7,1,0,0,1,0,0,19,0,0,7,8,5,14.0,0,0,7,7,0,0.0,0,13.9,-0.3,0.79,0,0.0018510878454201824,0
1,39,1,9773,1,19,133.1,1,19,1,7,9,115.0,1,0,1,0,1,0,25,0,0,6,10,4,13.0,0,0,6,9,4,13.75,0,12.7,3.7,-1.7,0,0.0037708678770194096,0
1,1,1,9254,1,1,132.0,1,1,19,6,6,124.7,1,0,0,1,1,0,21,0,0,6,9,6,12.0,0,0,6,8,5,11.6,0,13.9,-0.3,0.79,1,0.8714641055729262,1
1,1,1,9556,1,1,135.0,1,37,38,7,9,125.8,0,0,0,1,0,1,20,0,0,7,14,7,10.642857142857142,0,0,8,8,8,11.55,0,12.7,3.7,-1.7,1,0.9937039741617484,1
1,7,1,9853,1,40,110.0,1,41,3,2,1,110.0,0,0,1,1,0,0,40,0,0,7,8,7,15.0,0,0,7,7,7,14.571428571428571,0,12.4,0.5,1.79,1,0.877021396298627,1
1,17,2,9500,1,1,131.0,1,19,37,9,7,129.8,1,0,0,1,0,0,20,0,0,7,8,6,14.37,0,0,8,10,7,14.65,0,12.4,0.5,1.79,1,0.9636728987526996,1
1,17,1,9003,1,1,126.0,1,37,3,5,2,116.9,0,0,0,1,1,0,19,0,0,6,10,6,13.666666666666666,0,0,6,10,4,12.25,0,13.9,-0.3,0.79,1,0.8399989249922072,0
1,1,1,9853,1,1,153.0,1,1,19,9,4,139.7,1,0,0,1,0,1,19,0,0,7,7,7,13.428571428571429,0,0,7,7,7,14.857142857142858,0,11.1,0.6,2.02,1,0.9366469001321531,1
1,17,2,9254,1,1,131.0,1,1,19,9,9,130.3,1,0,0,1,0,1,18,0,0,6,6,6,12.833333333333334,0,0,6,7,6,12.333333333333334,0,13.9,-0.3,0.79,1,0.8931747355630155,1
1,43,3,171,1,1,120.0,1,37,37,9,9,143.3,1,0,0,1,0,1,20,0,0,0,0,0,0.0,0,0,0,0,0,0.0,0,7.6,2.6,0.32,0,0.18076210197964293,1
2,39,2,9670,1,1,133.1,41,37,19,9,9,130.0,0,0,0,1,0,0,30,1,0,6,0,0,0.0,0,0,6,0,0,0.0,0,9.4,-0.8,-3.12,0,0.0006147772282235331,0
1,39,1,9991,0,1,150.0,1,1,37,9,7,130.2,0,0,0,1,0,1,24,0,0,5,7,5,12.285714285714286,0,0,5,9,5,12.75,1,16.2,0.3,-0.92,1,0.9412345364933843,1
2,39,1,9991,0,3,140.0,1,19,19,9,7,152.4,0,0,0,1,0,0,26,0,0,5,5,5,12.0,0,0,5,6,5,14.833333333333334,0,10.8,1.4,1.74,1,0.9956130179495822,1
1,17,1,171,1,1,132.0,1,1,37,4,9,127.1,0,0,0,0,1,0,21,0,0,0,0,0,0.0,0,0,0,0,0,0.0,0,7.6,2.6,0.32,0,0.03249875491590952,0
1,44,1,9130,1,39,120.0,1,3,1,2,4,120.0,1,0,0,1,0,0,20,0,0,6,6,0,0.0,0,0,6,6,0,0.0,0,12.4,0.5,1.79,0,0.0005887278018918108,0
1,43,1,9147,1,1,131.0,1,19,38,9,9,129.7,1,0,0,1,0,0,19,0,0,5,5,5,12.6,0,0,5,6,4,12.4,0,16.2,0.3,-0.92,1,0.926401224596414,1
1,17,6,9670,1,1,117.0,1,38,19,0,1,114.6,0,0,0,0,1,0,19,0,0,6,9,4,11.25,0,0,6,11,3,10.166666666666666,0,10.8,1.4,1.74,0,0.0012755583761657418,0
1,1,4,9119,1,1,120.0,1,3,1,123,152,116.9,0,0,0,1,1,0,18,0,0,5,9,1,13.0,0,0,5,5,0,0.0,0,8.9,1.4,3.51,0,0.002355157661043842,0
1,1,1,9500,1,1,141.0,1,1,1,90,3,127.8,0,0,0,1,0,1,19,0,0,7,7,0,0.0,2,0,7,7,0,0.0,2,7.6,2.6,0.32,0,0.001482660845018141,0
1,39,1,9500,1,1,100.0,1,37,37,7,7,160.0,1,0,0,1,0,1,24,0,0,8,15,6,12.415,0,0,8,15,6,12.415,0,10.8,1.4,1.74,1,0.9593999719221475,1
1,7,1,9991,0,3,140.0,1,37,37,9,9,140.0,0,0,0,1,1,0,27,0,0,5,6,4,13.5,0,0,5,6,4,13.75,0,7.6,2.6,0.32,1,0.7660059813447564,1
1,1,3,9500,1,1,143.0,1,1,1,4,4,129.0,1,0,0,1,1,0,18,0,0,8,8,7,12.365714285714288,0,0,8,8,7,12.365714285714288,0,10.8,1.4,1.74,1,0.9474643291310867,1
1,1,1,9254,1,1,133.1,1,38,1,9,9,121.0,0,0,1,0,1,0,21,0,0,6,9,5,11.833333333333334,0,0,6,8,5,10.0,0,8.9,1.4,3.51,0,0.004848446518317179,0
1,1,1,9670,1,1,120.0,1,1,1,9,9,129.1,1,0,0,1,1,0,18,0,0,6,6,4,11.25,0,0,6,10,3,10.333333333333334,0,10.8,1.4,1.74,0,0.014824693738932216,0
1,7,1,9853,1,3,150.0,1,19,19,4,5,150.0,0,0,1,0,0,0,25,0,1,6,7,6,14.428571428571429,0,0,6,7,6,13.666666666666666,0,10.8,1.4,1.74,0,0.2482025636262783,1
1,7,1,9991,0,3,130.0,1,19,19,3,9,130.0,0,0,0,0,1,0,32,0,0,5,12,4,14.75,0,0,5,9,2,15.0,0,16.2,0.3,-0.92,0,0.020880143956069446,0
1,17,3,9254,1,1,122.0,1,1,1,4,4,126.6,0,0,0,0,0,0,18,0,0,5,5,5,10.4,0,0,6,13,0,0.0,0,10.8,1.4,1.74,0,0.0016507662116851713,0
1,17,1,9500,1,1,157.0,1,19,3,4,9,138.8,0,0,0,1,1,0,18,0,0,8,8,7,13.55714285714286,0,0,8,8,7,13.55714285714286,0,12.7,3.7,-1.7,1,0.9737617992124865,1
1,43,1,9119,1,1,140.0,1,37,38,5,7,146.5,0,0,0,1,1,0,39,0,0,5,10,3,17.333333333333332,0,0,5,11,1,17.0,0,13.9,-0.3,0.79,0,0.009706599241292833,0
2,43,1,9991,0,1,100.0,1,37,37,9,9,128.2,0,0,0,1,1,0,46,0,6,10,13,9,12.2,0,4,10,12,10,12.8,0,7.6,2.6,0.32,1,0.8915917358484429,1
1,17,6,9254,1,1,125.0,1,1,1,4,3,120.5,1,0,0,1,1,0,18,0,0,6,6,6,14.0,0,0,6,6,6,14.666666666666666,0,11.1,0.6,2.02,1,0.7486578736607089,1
1,44,1,9130,1,39,120.0,1,37,37,7,8,120.0,1,0,1,0,0,0,19,0,2,6,7,5,11.6,0,1,6,12,2,11.0,0,12.4,0.5,1.79,0,0.0010299436083654498,0
1,39,1,9991,0,1,150.0,1,1,19,4,8,123.0,0,0,0,1,1,0,27,0,0,5,8,4,11.5,0,0,5,9,3,10.333333333333334,0,12.7,3.7,-1.7,0,0.011756640678374352,0
1,1,2,9500,1,1,155.0,1,1,1,4,3,140.5,1,0,0,1,0,0,18,0,0,7,7,6,15.25,0,0,7,7,6,15.25,0,7.6,2.6,0.32,1,0.9777872272716001,1
1,1,5,9853,1,1,123.0,1,1,12,4,9,113.2,1,0,0,1,0,0,20,0,0,6,12,4,12.0,0,0,6,11,1,10.0,0,10.8,1.4,1.74,0,0.0012760081101399997,0
1,1,3,9500,1,1,130.0,1,3,1,2,5,133.8,0,0,0,1,0,0,19,0,0,7,0,0,0.0,0,0,8,0,0,0.0,0,7.6,2.6,0.32,0,0.001466676180591434,0
1,1,1,9130,1,1,134.0,41,1,19,5,5,125.6,1,0,0,1,0,0,20,1,0,5,6,5,16.166666666666668,0,0,5,6,5,15.833333333333334,0,12.7,3.7,-1.7,1,0.9598469727228619,1
1,1,1,9147,1,1,180.0,1,37,37,7,4,153.8,1,0,0,1,0,1,20,0,0,5,5,5,13.8,0,0,5,6,5,12.0,0,9.4,-0.8,-3.12,1,0.9477126631250294,1
1,43,1,9130,1,1,140.0,1,2,1,2,3,140.0,1,0,0,1,0,0,22,0,0,5,11,4,12.25,0,0,5,9,5,13.285714285714286,0,12.7,3.7,-1.7,1,0.8478431263295908,1
1,43,2,9500,1,1,130.0,1,38,37,4,4,126.8,1,0,0,1,1,1,28,0,18,23,23,20,13.5,3,18,23,23,20,13.5,3,7.6,2.6,0.32,1,0.9605748508702692,1
1,17,1,9085,1,1,128.0,1,38,19,8,8,117.2,0,0,0,1,1,0,20,0,0,5,7,5,14.6,1,0,5,5,5,14.2,0,12.7,3.7,-1.7,1,0.9651827296948753,1
1,43,1,9147,1,1,141.0,1,37,37,9,9,130.2,0,0,0,1,1,0,24,0,10,15,16,15,13.466666666666669,1,10,14,14,14,13.642857142857142,0,9.4,-0.8,-3.12,1,0.9875801128118992,1
1,17,1,9238,1,1,116.0,1,19,19,7,7,111.1,1,0,0,1,0,1,18,0,0,6,9,6,11.333333333333334,0,0,6,9,6,11.833333333333334,0,8.9,1.4,3.51,1,0.9943246587054861,1
1,44,1,9003,1,1,140.0,1,1,19,3,9,140.0,1,0,1,0,0,0,23,0,0,6,13,5,11.6,0,0,6,11,4,12.25,0,12.4,0.5,1.79,0,0.007649930885210698,0
1,39,1,9003,1,1,111.0,1,37,37,9,10,95.8,1,0,0,0,1,0,43,0,0,6,0,0,0.0,0,0,6,0,0,0.0,0,15.5,2.8,-4.06,0,0.00022844976222414029,0
1,43,5,9238,1,1,101.0,24,37,19,9,7,119.9,1,0,1,0,0,0,22,1,5,11,16,9,10.88888888888889,0,2,10,20,4,11.25,1,9.4,-0.8,-3.12,0,0.008511459849058907,1
1,18,3,9070,1,1,164.0,1,1,1,5,3,161.2,1,0,0,1,0,0,18,0,1,6,8,6,13.714285714285714,1,0,6,8,6,14.375,0,13.9,-0.3,0.79,1,0.8640271778146431,1
1,18,1,9238,1,1,122.0,1,38,38,9,7,114.7,0,0,1,1,0,1,18,0,0,6,9,6,10.833333333333334,0,0,6,8,6,12.0,0,11.1,0.6,2.02,1,0.9927837206071191,1
1,44,1,9085,1,39,140.0,1,3,1,4,3,140.0,1,0,0,1,0,1,20,0,2,6,11,6,11.833333333333334,0,1,6,17,5,11.857142857142858,0,12.4,0.5,1.79,1,0.9219624341258609,1
1,1,6,9773,1,1,141.0,1,30,37,7,7,128.4,1,0,1,0,0,0,18,0,0,6,8,5,13.0,0,0,6,8,5,11.4,0,7.6,2.6,0.32,0,0.03501122349986083,0
1,1,1,9773,1,1,146.0,1,37,38,9,7,128.5,0,0,1,1,0,0,19,0,0,6,13,3,12.666666666666666,0,0,6,12,2,10.0,0,10.8,1.4,1.74,0,0.0005861026594547915,0
1,1,1,9670,1,1,123.0,1,37,38,9,9,113.9,1,0,1,0,0,0,18,0,0,6,7,4,11.25,0,0,6,9,4,10.857142857142858,0,10.8,1.4,1.74,0,0.007067717200647513,0
1,1,5,9500,1,1,145.0,1,38,38,9,9,125.5,1,0,0,1,0,1,18,0,0,8,8,8,13.76375,0,0,8,8,8,13.76375,0,9.4,-0.8,-3.12,1,0.9943727152375131,1
1,7,1,9147,1,2,150.0,1,3,37,2,5,150.0,1,0,1,0,0,0,38,0,0,5,6,0,0.0,0,0,5,5,0,0.0,0,15.5,2.8,-4.06,0,0.0006911880111312826,0
1,17,1,9238,1,1,135.0,1,37,37,8,6,127.0,0,0,0,1,0,0,21,0,0,6,0,0,0.0,0,0,6,0,0,0.0,0,16.2,0.3,-0.92,0,0.0020921611703799024,0
1,1,1,9500,1,1,150.0,1,19,1,4,4,137.8,0,0,0,1,0,0,18,0,0,7,10,7,15.145,0,0,8,8,8,15.7425,0,15.5,2.8,-4.06,1,0.9775055970154435,1
1,1,2,9500,1,1,120.0,1,3,37,4,7,115.1,1,0,0,1,0,1,19,0,0,7,8,6,13.075,0,0,8,10,7,12.05,0,12.4,0.5,1.79,1,0.9933403328851337,1
1,18,1,9500,1,1,135.0,1,1,38,4,5,127.5,1,0,0,1,0,1,19,0,0,7,8,6,13.741666666666667,0,0,8,9,7,14.9125,0,16.2,0.3,-0.92,1,0.9875353891385039,1
1,1,1,9254,1,1,132.0,1,1,38,9,9,120.1,1,0,0,1,1,1,20,0,0,6,7,6,13.571428571428571,0,0,6,8,6,13.166666666666666,0,8.9,1.4,3.51,1,0.982985915661708,1
1,44,1,9238,1,39,140.0,1,19,19,8,8,144.3,1,0,0,1,0,1,19,0,3,6,7,6,13.142857142857142,0,2,6,6,6,14.333333333333334,0,12.4,0.5,1.79,1,0.9972375554748444,1
1,17,1,9254,1,1,118.0,1,11,34,5,0,122.2,1,0,0,1,0,0,22,0,0,6,10,4,10.5,0,0,6,14,1,11.0,0,7.6,2.6,0.32,0,0.0019747102337888483,0
1,39,1,9500,1,1,100.0,1,19,1,1,90,114.0,1,0,1,0,0,0,31,0,0,7,8,5,12.56,0,0,7,8,5,12.56,0,7.6,2.6,0.32,0,0.003574907658308743,0
1,1,1,9670,1,1,125.0,1,19,1,7,4,122.6,0,0,0,1,1,0,21,0,0,5,7,5,11.166666666666666,0,0,5,5,4,11.0,0,9.4,-0.8,-3.12,1,0.8048477845243317,0
1,39,1,9003,1,1,133.1,1,38,38,4,7,115.6,1,0,0,0,0,0,27,0,0,6,8,0,0.0,0,0,6,8,0,0.0,0,15.5,2.8,-4.06,0,0.0003551085633884343,0
1,1,1,9085,1,1,131.0,1,19,19,9,9,139.8,1,0,0,1,0,0,19,0,0,5,6,5,13.4,0,0,5,5,5,12.8,0,10.8,1.4,1.74,1,0.9841468536090562,1
1,1,3,9147,1,1,143.0,1,1,1,5,7,133.2,1,0,0,1,0,1,18,0,0,5,11,4,14.25,0,0,5,7,4,12.5,0,12.7,3.7,-1.7,1,0.6559557893604306,1
1,1,1,9853,1,1,140.0,1,37,37,9,9,145.3,0,0,0,1,0,0,18,0,0,6,6,6,13.666666666666666,0,0,6,9,6,12.333333333333334,0,7.6,2.6,0.32,1,0.992142966282645,1
1,17,6,9500,1,1,126.0,1,19,37,3,9,119.4,1,0,0,1,0,1,19,0,0,7,7,7,13.371428571428572,0,0,8,9,8,13.666666666666666,0,16.2,0.3,-0.92,1,0.9048796275884369,1
1,17,6,9147,1,1,129.0,1,19,1,9,4,122.0,1,0,0,1,1,0,19,0,0,5,8,5,11.6,1,0,5,10,4,10.75,0,9.4,-0.8,-3.12,0,0.24723833673849122,1
1,1,5,9773,1,1,131.0,1,1,38,9,5,132.4,1,0,1,0,1,0,18,0,0,6,6,0,0.0,0,0,6,0,0,0.0,0,11.1,0.6,2.02,0,0.0002886187537013099,0
1,17,2,9238,1,1,111.0,1,19,38,9,9,110.7,1,0,0,1,0,0,19,0,0,6,9,6,12.166666666666666,0,0,6,9,6,11.0,0,8.9,1.4,3.51,1,0.9832629822157364,1
1,44,1,9119,1,39,130.0,1,19,3,3,4,130.0,0,0,1,0,1,0,23,0,0,5,5,0,0.0,0,0,5,5,0,0.0,0,15.5,2.8,-4.06,0,0.0002162079221458838,0
1,17,1,9238,1,1,145.0,1,1,40,9,2,129.6,0,0,0,1,0,1,19,0,0,6,7,6,11.333333333333334,0,0,6,7,6,12.428571428571429,0,11.1,0.6,2.02,1,0.9289113037623145,1
2,42,1,9500,1,2,130.0,1,37,37,9,9,130.0,0,0,0,1,0,1,32,0,0,8,8,8,14.6625,0,0,8,8,8,14.6625,0,9.4,-0.8,-3.12,1,0.994635780923445,1
1,1,6,9500,1,1,149.0,1,1,1,4,9,133.0,1,0,0,1,0,1,18,0,0,8,8,7,14.0,0,0,8,8,7,14.0,0,12.7,3.7,-1.7,1,0.9849474232517303,1
4,43,1,9991,0,1,164.0,1,37,37,6,6,131.8,0,0,0,1,0,0,31,0,7,14,19,13,11.357142857142858,0,9,14,14,13,12.0,1,9.4,-0.8,-3.12,1,0.7041538068800618,1
1,16,1,171,1,1,150.0,1,37,37,9,9,134.6,1,0,0,1,1,0,19,0,0,0,0,0,0.0,0,0,0,0,0,0.0,0,7.6,2.6,0.32,1,0.663289560824629,0
2,7,1,9254,1,3,130.0,1,1,3,4,3,130.0,0,0,0,1,0,0,39,0,0,6,10,0,0.0,0,0,6,6,0,0.0,0,12.4,0.5,1.79,0,0.0012383739984567568,0
1,17,6,9500,1,1,147.0,1,1,38,4,8,141.1,1,0,0,1,0,0,20,0,0,7,9,6,13.0,0,0,8,8,8,14.2125,0,13.9,-0.3,0.79,1,0.8410787234334036,0
1,17,4,9500,1,1,133.0,1,4,4,4,4,130.7,1,0,0,1,0,0,19,0,0,7,7,7,14.757142857142856,0,0,8,9,8,15.366666666666667,0,12.4,0.5,1.79,1,0.8970915152281064,1
1,39,1,9991,0,1,133.1,1,37,1,5,4,151.2,0,0,0,1,1,0,25,0,0,5,11,4,11.5,0,0,5,11,3,13.5,0,12.4,0.5,1.79,0,0.22447128559340562,0
1,7,1,9991,0,3,130.0,1,3,19,2,3,133.9,0,0,0,1,0,0,28,0,0,5,7,5,13.714285714285714,0,0,5,7,5,13.142857142857142,0,16.2,0.3,-0.92,1,0.8566285709970284,1
1,43,1,9254,1,1,134.0,1,37,37,9,9,133.3,1,0,1,1,0,0,19,0,0,6,13,2,11.5,0,0,6,13,1,11.0,0,7.6,2.6,0.32,0,0.0018045654763562595,0
2,39,1,9991,0,1,148.0,1,19,37,9,5,130.9,0,0,0,0,1,0,28,0,0,5,5,0,0.0,0,0,5,6,0,0.0,0,12.4,0.5,1.79,0,0.00039494400847712974,0
1,1,6,9500,1,1,122.0,1,19,37,3,5,116.6,1,0,1,1,1,1,20,0,0,7,7,7,13.314285714285717,0,0,8,8,8,12.575,0,12.4,0.5,1.79,1,0.954652683544912,1
2,39,1,9500,1,1,133.1,1,19,37,6,6,120.0,0,0,0,1,0,1,32,0,0,8,9,7,12.757142857142856,0,0,8,9,7,12.757142857142856,0,12.7,3.7,-1.7,1,0.9890114075304526,1
2,39,1,9991,0,1,150.0,1,37,37,9,7,122.5,0,0,0,1,1,0,47,0,0,5,9,4,11.5,0,0,5,6,5,11.6,1,7.6,2.6,0.32,0,0.2535928797207555,0
1,43,3,9500,1,1,139.0,1,38,37,9,8,146.5,0,0,0,1,0,0,21,0,11,14,26,12,13.417391304347827,1,11,14,26,12,13.417391304347827,1,7.6,2.6,0.32,1,0.9322477964320227,1
1,43,1,9130,1,1,120.0,1,1,19,9,9,120.0,1,0,0,1,0,0,21,0,0,6,14,5,11.5,1,0,6,13,5,11.0,1,15.5,2.8,-4.06,0,0.4644199358077734,0
2,39,1,8014,0,1,120.0,1,34,34,99,99,101.8,0,0,0,0,0,0,32,0,0,5,5,0,0.0,0,0,5,10,0,0.0,0,10.8,1.4,1.74,0,0.001840563823674611,0
1,1,2,9085,1,1,157.0,1,3,3,5,2,153.9,1,0,0,1,0,0,18,0,0,6,7,6,16.571428571428573,0,0,6,6,6,15.666666666666666,0,13.9,-0.3,0.79,1,0.9013315031211756,1
1,1,2,9070,1,1,134.0,1,1,19,3,3,127.7,1,0,0,0,0,0,18,0,1,6,8,6,11.714285714285714,1,0,6,11,4,11.333333333333334,0,13.9,-0.3,0.79,0,0.1366398337756587,0
1,43,1,9500,1,19,133.1,1,34,34,0,0,110.0,1,0,0,1,1,0,27,0,0,7,7,0,0.0,6,0,7,7,0,0.0,6,7.6,2.6,0.32,0,0.0003332979888865393,0
1,17,4,9500,1,1,148.0,1,3,19,4,7,131.9,1,0,0,1,0,1,18,0,0,7,8,7,14.15,0,0,8,8,8,14.51125,0,15.5,2.8,-4.06,1,0.9461306210315761,1
1,1,1,9500,1,1,138.0,1,38,19,9,5,144.3,0,0,0,1,0,0,20,0,0,7,9,6,12.7,0,0,8,8,7,13.571428571428571,0,13.9,-0.3,0.79,1,0.9924953780078412,1
2,39,2,9147,1,1,133.1,1,37,37,5,7,110.0,0,0,0,1,1,0,43,0,0,5,14,0,0.0,1,0,5,5,0,0.0,0,9.4,-0.8,-3.12,0,0.0008817625357313109,0
1,1,1,171,1,1,150.0,1,38,19,9,9,137.8,1,0,0,1,1,1,19,0,0,0,0,0,0.0,0,0,0,0,0,0.0,0,13.9,-0.3,0.79,0,0.3678561500432306,1
1,17,1,9670,1,1,125.0,1,38,37,7,5,126.4,0,0,0,1,1,1,18,0,0,6,7,6,12.285714285714286,0,0,6,7,6,13.333333333333334,1,16.2,0.3,-0.92,1,0.9799294577076713,1
2,39,1,9991,0,1,140.0,1,37,37,9,9,118.2,0,0,0,1,1,0,52,0,0,5,7,5,11.2,0,0,5,6,5,12.8,1,7.6,2.6,0.32,1,0.8496529524679859,1
1,1,5,171,1,1,160.0,1,1,1,4,4,139.7,0,0,0,1,1,0,18,0,0,0,0,0,0.0,0,0,0,0,0,0.0,0,12.7,3.7,-1.7,0,0.41465093878528586,0
1,51,1,8014,0,1,121.0,1,1,38,5,7,112.3,0,0,0,1,0,0,22,0,14,16,16,13,10.923076923076923,0,13,13,13,11,11.454545454545457,0,16.2,0.3,-0.92,1,0.8166102993287147,1
1,1,5,9773,1,1,138.0,1,19,19,9,9,139.4,1,0,0,1,0,0,18,0,0,6,7,5,12.8,0,0,6,10,4,12.2,0,10.8,1.4,1.74,1,0.5725451162941981,1
1,43,1,9085,1,1,130.0,1,19,38,7,7,120.2,1,0,0,1,0,0,20,0,0,5,9,4,12.0,0,0,5,10,5,13.428571428571429,1,10.8,1.4,1.74,1,0.9676828450108402,1
1,44,1,9003,1,39,140.0,1,1,1,4,3,140.0,1,0,0,1,0,0,20,0,0,6,10,5,11.666666666666666,0,0,6,7,5,12.6,0,12.4,0.5,1.79,1,0.9416329553521444,1
1,43,1,9853,1,1,110.0,1,37,37,9,9,107.7,0,0,1,0,0,0,28,0,0,6,0,0,0.0,0,0,5,10,0,0.0,0,10.8,1.4,1.74,0,6.779805430026383e-05,0
2,39,1,8014,0,1,140.0,1,37,37,9,9,121.0,0,0,0,1,0,0,50,0,0,6,8,6,12.666666666666666,0,0,6,6,6,11.833333333333334,0,10.8,1.4,1.74,1,0.9929067788520605,1
1,39,1,9556,1,1,120.0,1,19,19,4,5,122.8,0,0,0,1,0,0,26,0,0,7,12,6,12.166666666666666,0,0,8,8,8,11.675,0,13.9,-0.3,0.79,1,0.750755289441611,0
1,1,1,9147,1,1,177.0,1,1,38,3,9,162.3,0,0,0,1,0,1,18,0,0,5,6,5,16.333333333333332,0,0,5,5,5,15.4,0,15.5,2.8,-4.06,1,0.9871151871703144,1
1,1,3,9773,1,1,135.0,1,1,1,3,5,130.1,1,0,0,1,0,0,18,0,0,6,6,6,13.666666666666666,0,0,6,7,6,13.0,0,15.5,2.8,-4.06,1,0.8444492322553528,1
1,1,1,9085,1,1,133.0,1,1,37,4,10,143.2,0,0,0,1,0,0,19,0,0,5,7,5,14.4,0,0,5,6,5,13.2,0,7.6,2.6,0.32,1,0.9944842996476262,1
1,17,1,9238,1,1,137.0,1,38,19,152,171,131.1,1,0,0,1,0,1,18,0,0,6,8,6,12.833333333333334,0,0,6,6,6,12.166666666666666,0,8.9,1.4,3.51,1,0.9979340580576919,1
1,51,1,33,1,1,130.0,1,19,19,9,9,117.7,0,0,0,1,0,0,34,0,10,12,12,10,12.0,0,5,10,11,5,11.0,0,11.1,0.6,2.02,0,0.06268828876818068,0
2,1,1,9238,1,1,145.0,1,37,34,9,7,139.4,0,0,0,0,0,0,27,0,0,6,12,2,11.0,0,0,6,14,4,10.5,0,9.4,-0.8,-3.12,0,0.015353107064555567,0
2,39,1,9147,1,1,160.0,1,37,37,9,7,110.0,0,0,0,1,1,0,30,0,0,5,8,2,11.0,0,0,5,6,4,11.5,0,15.5,2.8,-4.06,0,0.06479303002308422,0
1,1,3,9773,1,1,121.0,1,19,38,9,7,113.0,1,0,0,1,1,0,19,0,0,6,6,6,13.833333333333334,0,0,6,6,6,13.666666666666666,0,11.1,0.6,2.02,1,0.9871079601755015,1
1,51,1,9670,1,1,126.0,1,3,3,1,10,111.0,0,0,1,1,1,0,21,0,5,11,12,10,12.1,0,2,8,9,8,13.333333333333334,0,11.1,0.6,2.02,1,0.894081234129472,1
1,17,1,171,1,1,114.0,1,19,38,9,7,129.1,0,0,0,1,1,1,23,0,0,0,0,0,0.0,0,0,0,0,0,0.0,0,9.4,-0.8,-3.12,0,0.016151198951096953,1
2,1,1,9991,0,3,160.0,1,1,3,4,9,137.3,0,0,0,1,0,0,23,0,0,5,5,5,10.8,0,0,5,9,4,11.5,0,9.4,-0.8,-3.12,0,0.3245083399678766,1
1,17,1,9147,1,1,130.0,1,37,37,9,7,119.9,0,0,0,1,0,1,19,0,0,5,8,5,12.875,0,0,5,6,5,11.833333333333334,0,13.9,-0.3,0.79,1,0.9854495546535429,1
1,17,2,9119,1,1,137.0,1,1,1,4,4,130.4,1,0,1,1,1,0,18,0,0,5,10,1,12.0,0,0,5,7,3,10.666666666666666,2,7.6,2.6,0.32,0,0.0040442637833805264,0
1,44,1,9085,1,39,140.0,1,19,37,5,7,140.0,1,0,0,1,1,0,19,0,2,6,10,4,12.5,0,1,6,16,2,12.0,0,12.4,0.5,1.79,0,0.008221759064793643,0
1,1,2,9556,1,1,130.0,1,1,38,3,8,119.5,1,0,0,1,0,1,21,0,0,7,7,7,12.242857142857144,0,0,8,8,8,14.125,0,15.5,2.8,-4.06,1,0.9835406631176653,1
1,1,4,9500,1,1,148.0,1,19,19,4,5,137.0,1,0,0,1,0,0,18,0,0,8,8,8,14.25,0,0,8,8,8,14.25,0,9.4,-0.8,-3.12,1,0.9860873459668242,1
1,42,1,9500,1,1,100.0,1,3,37,2,6,130.0,1,0,0,1,0,0,25,0,0,14,14,12,13.291666666666666,1,0,14,14,12,13.291666666666666,1,7.6,2.6,0.32,1,0.8940952882523311,1
1,1,1,9147,1,1,130.0,1,37,38,3,3,123.0,0,0,0,1,0,0,18,0,0,5,8,5,12.333333333333334,2,0,5,7,5,11.4,0,15.5,2.8,-4.06,1,0.9765084054626995,1
1,51,1,9670,1,19,133.1,1,2,1,3,10,120.0,0,0,1,1,1,0,32,0,1,6,15,2,12.0,0,0,6,7,0,0.0,0,11.1,0.6,2.02,0,0.0005800108046483533,0
1,42,1,9119,1,1,140.0,1,19,19,90,90,120.0,0,0,1,0,1,0,31,0,0,4,4,0,0.0,0,0,5,5,0,0.0,0,12.7,3.7,-1.7,0,0.00031786541516478424,0
1,39,1,9773,1,19,133.1,1,19,19,3,4,104.0,0,0,1,0,0,0,27,0,0,6,6,5,12.0,0,0,6,6,0,0.0,0,11.1,0.6,2.02,0,0.0003313362519590738,0
1,17,3,9670,1,1,147.0,1,37,37,8,8,128.8,0,0,1,1,0,0,19,0,0,5,5,1,10.0,0,0,5,5,0,0.0,0,9.4,-0.8,-3.12,0,0.0010936363161950181,0
1,1,2,9500,1,1,136.0,1,19,19,9,9,140.0,1,0,0,1,0,0,20,0,0,7,7,6,13.966666666666669,0,0,7,7,6,13.966666666666669,0,7.6,2.6,0.32,1,0.9899181989864575,1
1,39,1,8014,0,1,133.1,1,37,37,9,7,129.0,0,0,0,1,0,0,37,0,0,6,13,4,12.0,0,0,6,10,3,12.0,0,16.2,0.3,-0.92,0,0.030254589246302685,0
1,1,2,9500,1,1,99.0,1,1,3,5,10,100.0,1,0,0,1,1,0,19,0,0,7,9,7,11.975,0,0,8,9,7,13.12857142857143,0,13.9,-0.3,0.79,1,0.9723086853533467,1
1,17,1,9670,1,1,117.0,1,1,1,4,4,117.7,1,0,0,1,1,0,20,0,0,6,9,6,14.666666666666666,0,0,6,7,6,13.857142857142858,0,8.9,1.4,3.51,1,0.9720435322312998,1
2,7,1,171,1,3,120.0,1,19,19,9,9,130.0,1,0,0,1,1,0,37,0,0,0,0,0,0.0,0,0,0,0,0,0.0,0,7.6,2.6,0.32,0,0.16520193249420134,0
1,1,3,9500,1,1,137.0,1,19,19,5,4,131.5,1,0,0,1,0,1,20,0,0,8,8,8,13.38125,0,0,8,8,8,13.38125,0,9.4,-0.8,-3.12,1,0.9916637776014686,1
4,39,1,8014,0,1,133.1,1,38,37,5,7,144.5,0,0,0,1,0,0,45,0,0,6,13,4,12.5,0,0,6,8,3,11.666666666666666,0,16.2,0.3,-0.92,0,0.16332255023895673,0
1,42,1,9085,1,1,133.1,1,1,9,4,4,128.2,0,0,0,1,0,0,24,0,5,11,29,9,12.0,6,4,10,21,9,12.555555555555555,0,9.4,-0.8,-3.12,1,0.7475405401873808,1
1,17,4,171,1,1,172.0,1,3,1,2,10,155.6,1,0,0,1,1,0,19,0,0,0,0,0,0.0,0,0,0,0,0,0.0,0,9.4,-0.8,-3.12,0,0.19749098439489401,0
1,39,1,9991,0,19,133.1,1,37,37,9,6,105.3,0,0,1,1,0,0,28,0,0,5,14,2,10.5,0,0,5,6,0,0.0,0,12.4,0.5,1.79,0,0.0014313870610082545,0
1,1,1,9254,1,1,138.0,1,38,19,9,10,133.1,0,0,0,1,0,0,18,0,0,6,6,6,12.5,0,0,6,6,6,12.666666666666666,0,15.5,2.8,-4.06,1,0.981881115360148,1
1,17,3,9853,1,1,138.0,1,37,37,5,9,125.1,1,1,0,1,0,1,19,0,0,6,6,6,13.5,0,0,6,8,5,12.8,0,12.7,3.7,-1.7,1,0.5921144965497338,0
1,18,1,9070,1,1,117.0,1,1,37,4,7,127.9,1,0,0,1,1,0,20,0,0,6,6,0,0.0,0,0,6,6,0,0.0,0,9.4,-0.8,-3.12,0,0.0040995875154893014,0
1,1,2,9773,1,1,130.0,1,1,34,9,9,124.8,1,0,0,1,0,1,20,0,0,6,7,5,12.8,0,0,6,6,6,12.333333333333334,0,12.4,0.5,1.79,1,0.9116036270183902,1
1,1,4,9085,1,1,138.0,1,3,1,1,4,123.3,1,0,0,1,0,1,19,0,0,6,7,6,14.857142857142858,0,0,6,10,6,13.11111111111111,0,12.4,0.5,1.79,1,0.8295667132923518,1
1,1,1,171,1,1,137.0,1,3,19,2,9,122.3,0,0,0,1,0,0,19,0,0,0,0,0,0.0,0,0,0,0,0,0.0,0,10.8,1.4,1.74,0,0.18333543319228054,0
1,1,4,9500,1,1,128.0,1,19,1,4,4,124.3,1,0,0,1,1,0,19,0,0,8,8,7,12.665714285714284,0,0,8,8,7,12.665714285714284,0,10.8,1.4,1.74,1,0.9106225236341664,1
1,1,1,9773,1,1,125.0,1,3,2,2,1,119.1,1,0,0,1,0,0,22,0,0,6,13,2,12.0,0,0,6,14,1,10.0,0,9.4,-0.8,-3.12,0,0.004028866618278969,0
2,43,1,8014,0,1,110.0,1,37,19,9,3,100.0,0,0,0,1,0,0,34,0,9,11,17,9,12.333333333333334,0,3,7,12,7,12.142857142857142,0,9.4,-0.8,-3.12,1,0.9338177062606009,1
1,17,6,9147,1,1,118.0,1,37,1,9,7,117.0,1,0,0,0,1,0,23,0,0,5,9,3,10.0,1,0,5,9,3,12.333333333333334,0,9.4,-0.8,-3.12,0,0.0072181023719294,0
4,39,1,9238,1,1,130.0,1,19,3,9,2,140.0,0,0,0,1,1,0,50,0,0,6,7,4,12.25,0,0,6,7,0,0.0,0,8.9,1.4,3.51,0,0.0015153362789445352,0
2,39,1,9853,1,1,130.0,1,37,19,7,3,140.0,0,0,1,1,0,1,34,0,0,6,7,6,16.142857142857142,0,0,6,10,6,16.2,0,9.4,-0.8,-3.12,1,0.94012445420644,1
1,1,1,9500,1,1,121.0,1,1,1,4,4,114.9,0,0,0,1,1,1,21,0,0,7,9,6,13.342857142857143,0,0,8,10,7,11.65,0,12.4,0.5,1.79,1,0.9913800912947801,1
2,39,1,9773,1,12,100.0,1,1,1,4,4,100.0,0,0,0,1,0,0,24,0,0,6,6,6,12.166666666666666,0,0,6,6,6,13.833333333333334,0,7.6,2.6,0.32,1,0.9324531360609958,1
1,17,5,9500,1,1,143.0,1,38,1,9,7,130.6,1,0,0,1,0,1,18,0,0,7,8,7,13.15,0,0,8,9,8,15.06875,0,13.9,-0.3,0.79,1,0.9515066713080781,1
1,39,1,9500,1,1,130.0,1,19,19,9,8,105.8,0,0,0,1,0,0,26,0,0,7,12,3,13.766666666666666,0,0,7,11,3,12.066666666666668,0,13.9,-0.3,0.79,0,0.008054524277204609,0
1,1,2,9500,1,1,132.0,1,37,37,5,7,127.5,1,0,0,1,0,0,20,0,0,8,8,8,12.48375,0,0,8,8,8,12.48375,0,9.4,-0.8,-3.12,1,0.9944311809177754,1
1,17,3,9500,1,1,136.0,1,37,38,4,5,126.0,1,0,0,1,0,0,19,0,0,8,8,7,15.11,0,0,8,8,7,15.11,0,10.8,1.4,1.74,1,0.9553733132085452,1
1,44,1,9070,1,39,120.0,1,2,19,3,8,120.0,0,0,0,1,1,0,21,0,2,7,10,6,13.428571428571429,0,5,9,9,8,13.125,0,16.2,0.3,-0.92,1,0.9677131476958862,1
1,1,2,9254,1,1,131.0,1,4,3,7,4,126.1,1,0,0,1,0,0,18,0,0,6,8,6,12.142857142857142,0,0,6,6,6,11.166666666666666,0,8.9,1.4,3.51,1,0.934426991870734,1
1,17,4,9556,1,1,135.0,1,38,37,3,7,129.0,1,0,0,1,0,0,21,0,0,7,0,0,0.0,0,0,7,0,0,0.0,0,12.7,3.7,-1.7,0,0.001850514282430695,0
1,1,1,9670,1,1,133.1,1,34,38,0,4,147.0,0,0,0,1,0,0,22,0,0,5,6,2,12.5,0,0,5,5,0,0.0,0,9.4,-0.8,-3.12,0,0.005633821226367532,0
1,17,1,9238,1,1,133.1,1,38,38,191,193,146.0,0,0,1,1,0,1,19,0,0,6,6,6,12.666666666666666,0,0,6,7,6,13.0,0,8.9,1.4,3.51,1,0.996608026467589,1
1,1,2,9500,1,1,141.0,1,37,37,9,8,130.2,1,0,0,1,0,0,21,0,0,7,11,7,14.072222222222225,0,0,8,8,8,14.0475,0,15.5,2.8,-4.06,1,0.9382477474756222,1
1,1,5,9500,1,1,141.0,1,38,19,7,7,132.5,1,0,0,0,0,0,19,0,0,7,0,0,0.0,0,0,8,0,0,0.0,0,12.7,3.7,-1.7,0,0.002490516615891539,0
1,44,1,9130,1,39,150.0,1,3,1,2,8,150.0,0,0,0,0,1,0,22,0,0,5,5,0,0.0,0,0,5,5,0,0.0,0,12.7,3.7,-1.7,0,0.0017391606898556455,0
1,43,2,9500,1,1,120.0,1,37,34,90,0,121.5,0,0,1,1,0,0,22,0,11,14,14,12,12.333333333333334,2,11,14,14,12,12.333333333333334,2,7.6,2.6,0.32,1,0.6388069887700705,1
1,1,1,9500,1,1,134.0,1,38,19,3,10,121.2,0,0,0,1,0,0,19,0,0,7,10,7,13.47,0,0,8,8,8,13.32625,0,15.5,2.8,-4.06,1,0.9718799582761776,1
1,7,1,9670,1,3,110.0,1,27,37,3,3,110.0,1,0,0,1,1,0,27,0,7,12,12,9,12.333333333333334,0,6,11,11,6,13.166666666666666,0,9.4,-0.8,-3.12,1,0.9131915211128341,0
1,17,2,8014,0,1,120.0,1,37,34,0,0,117.6,1,0,0,1,0,0,19,0,0,6,8,5,12.2,0,0,6,7,6,12.0,0,7.6,2.6,0.32,1,0.9855192838001812,1
1,43,1,9773,1,1,137.0,1,38,37,9,5,127.9,1,0,0,1,0,0,20,0,0,6,6,6,11.833333333333334,0,0,6,7,6,12.857142857142858,0,15.5,2.8,-4.06,1,0.9820421953616417,1
1,17,1,9070,1,1,126.0,1,19,38,9,7,118.7,0,0,0,1,0,0,18,0,0,6,7,5,11.8,0,0,6,6,6,12.666666666666666,0,16.2,0.3,-0.92,1,0.9909202114829961,1
1,7,1,9500,1,3,140.0,1,34,34,0,0,140.0,0,0,0,1,0,0,28,0,0,7,0,0,0.0,0,0,8,0,0,0.0,0,7.6,2.6,0.32,0,0.0012798218549159956,0
1,18,1,9500,1,1,140.0,1,37,38,5,7,126.0,1,0,0,1,0,0,18,0,0,8,8,7,13.314285714285717,0,0,8,8,7,13.314285714285717,0,12.7,3.7,-1.7,1,0.9887565741578409,1
1,39,1,9670,1,1,100.0,1,1,1,4,4,120.0,0,0,0,1,1,0,26,0,0,5,7,3,11.333333333333334,0,0,5,7,3,13.666666666666666,0,9.4,-0.8,-3.12,0,0.21668711766005136,0
6,39,1,9991,0,12,130.0,1,37,37,90,90,119.0,1,0,0,0,1,0,55,0,0,5,5,0,0.0,0,0,5,5,0,0.0,0,7.6,2.6,0.32,0,0.0006015857226138894,0
1,5,5,9254,1,1,122.0,1,1,37,9,7,119.6,1,0,0,1,0,1,19,0,0,6,6,6,12.333333333333334,0,0,6,6,6,12.833333333333334,0,12.4,0.5,1.79,1,0.9623310082828112,1
1,17,2,9070,1,1,136.0,1,19,38,4,7,140.9,1,0,0,1,0,0,19,0,0,6,6,6,14.333333333333334,0,0,6,6,6,13.5,0,9.4,-0.8,-3.12,1,0.9787961835410364,1
1,51,1,9500,1,1,129.0,1,37,38,3,3,137.8,1,0,0,1,0,1,20,0,2,7,7,7,16.13142857142857,0,0,8,9,8,15.52222222222222,0,11.1,0.6,2.02,1,0.7417876363899458,1
1,1,6,9853,1,1,140.0,1,38,38,9,7,137.6,1,0,0,1,0,0,18,0,0,6,7,6,11.666666666666666,0,0,6,7,6,12.333333333333334,0,10.8,1.4,1.74,1,0.6350494211295232,0
1,17,2,9500,1,1,131.0,1,38,1,5,7,118.4,1,0,0,1,0,1,20,0,0,7,9,6,13.766666666666666,0,0,8,9,8,13.744444444444444,0,16.2,0.3,-0.92,1,0.9806311622863414,0
1,17,2,9773,1,1,122.0,1,38,37,5,3,119.6,1,0,0,1,0,0,20,0,0,6,8,6,13.428571428571429,0,0,6,10,5,12.4,0,9.4,-0.8,-3.12,1,0.7554226354224403,1
2,39,1,9991,0,1,133.1,1,37,37,9,9,126.5,0,0,0,1,0,0,27,0,0,5,5,2,10.5,0,0,5,5,0,0.0,0,7.6,2.6,0.32,0,0.0012067337675120576,0
1,1,1,9130,1,1,164.0,1,34,1,0,0,163.0,0,0,0,1,0,0,18,0,0,6,0,0,0.0,0,0,6,0,0,0.0,0,7.6,2.6,0.32,0,0.00561674167690511,0
2,39,2,9254,1,19,133.1,1,19,19,9,5,123.5,0,0,0,1,1,0,39,0,0,6,6,6,13.5,0,0,6,6,6,13.333333333333334,0,12.4,0.5,1.79,1,0.957766386874124,1
1,17,1,171,1,1,135.0,1,19,1,4,1,131.9,1,0,0,1,1,0,19,0,6,12,12,12,13.583333333333334,0,4,11,12,11,13.583333333333334,0,8.9,1.4,3.51,1,0.813353068713798,1
1,1,1,9238,1,1,128.0,1,19,19,5,5,124.5,1,0,0,1,0,1,18,0,0,6,10,4,12.4,0,0,6,8,6,12.5,0,12.4,0.5,1.79,1,0.9729822221814498,1
1,1,4,9500,1,1,140.0,1,19,19,7,7,129.5,1,0,0,1,0,0,18,0,0,8,8,7,12.324285714285711,0,0,8,8,7,12.324285714285711,0,10.8,1.4,1.74,1,0.9815625258782388,1
1,1,2,9500,1,1,132.0,1,19,19,9,7,128.0,1,0,0,1,1,1,19,0,0,8,8,7,14.935714285714283,0,0,8,8,7,14.935714285714283,0,10.8,1.4,1.74,1,0.9941648130096313,1
2,1,1,9991,0,1,120.0,1,37,19,9,9,135.0,1,0,0,1,1,0,32,0,0,5,5,5,14.8,0,0,5,5,5,14.2,0,7.6,2.6,0.32,1,0.9639505348402784,1
1,1,1,9500,1,1,123.0,1,37,37,7,7,119.7,0,0,0,1,1,0,20,0,0,7,8,0,0.0,1,0,7,7,0,0.0,0,13.9,-0.3,0.79,0,0.0004414198054157157,0
4,39,1,9130,1,1,140.0,1,37,37,6,7,150.0,1,0,0,1,1,0,34,0,0,6,9,0,0.0,0,0,6,6,0,0.0,0,16.2,0.3,-0.92,0,0.0021252055383824916,0
1,1,1,9773,1,1,140.0,1,19,38,9,9,132.0,0,0,0,1,1,1,18,0,0,6,6,5,12.0,0,0,6,6,6,12.833333333333334,0,12.7,3.7,-1.7,1,0.9025100269987676,1
1,1,3,9085,1,1,130.0,1,1,19,9,9,121.3,1,0,0,1,0,1,19,0,0,5,6,5,14.6,0,0,5,5,5,13.8,0,10.8,1.4,1.74,1,0.9671105075783403,1
1,1,1,9254,1,1,117.0,1,1,1,5,5,116.3,1,0,0,1,1,1,21,0,0,6,6,6,11.666666666666666,0,0,6,7,5,12.2,0,10.8,1.4,1.74,1,0.9623555621512677,1
1,43,1,9238,1,1,142.0,1,34,34,99,99,131.9,0,0,0,1,0,1,29,0,9,16,17,16,12.588235294117649,0,10,13,14,13,13.357142857142858,0,9.4,-0.8,-3.12,1,0.9976887191474175,1
1,1,2,9147,1,1,132.0,1,1,19,4,3,126.4,1,0,0,1,0,1,18,0,0,5,13,3,10.6,0,0,5,12,3,10.5,0,13.9,-0.3,0.79,0,0.01833939762043639,1
1,17,1,9085,1,1,125.0,1,1,37,4,9,117.0,1,0,0,1,0,1,19,0,0,5,6,4,12.0,0,0,5,8,5,13.333333333333334,1,10.8,1.4,1.74,1,0.9837641782008006,1
1,15,1,9085,1,1,133.1,41,37,37,9,9,109.6,0,0,0,1,0,0,18,1,0,6,13,4,12.25,0,0,6,15,5,11.0,0,11.1,0.6,2.02,1,0.7347831562911457,0
1,16,6,9773,1,1,136.0,1,38,14,0,0,129.7,1,0,0,1,0,0,21,0,0,6,6,6,13.166666666666666,0,0,6,6,6,13.0,0,7.6,2.6,0.32,1,0.9099645371987064,1
1,1,1,9773,1,1,111.0,1,19,19,9,9,110.0,1,0,0,1,0,0,18,0,0,6,6,5,12.6,0,0,6,8,6,12.0,0,11.1,0.6,2.02,1,0.9842569459124214,1
1,18,2,9238,1,1,126.0,1,19,37,5,7,129.9,1,0,0,1,1,1,20,0,1,7,9,6,12.0,0,2,6,6,6,11.166666666666666,0,10.8,1.4,1.74,1,0.9338555797265535,1
1,44,1,9003,1,39,160.0,1,38,38,6,6,160.0,1,0,0,1,0,0,21,0,0,6,11,6,13.428571428571429,0,0,6,12,6,12.857142857142858,0,15.5,2.8,-4.06,1,0.9952192638746622,1
1,1,5,9147,1,1,132.0,1,39,39,3,3,127.8,1,0,0,0,1,0,18,0,0,5,0,0,0.0,0,0,5,0,0,0.0,0,11.1,0.6,2.02,0,0.0009374494282312064,0
1,1,1,9773,1,1,120.0,1,36,37,0,0,126.7,1,0,0,1,1,0,20,0,0,6,9,5,12.6,0,0,6,11,4,11.5,0,7.6,2.6,0.32,0,0.21330577023560962,1
2,39,1,8014,0,9,133.1,1,37,37,8,10,100.0,1,0,0,1,0,0,37,0,0,6,0,0,0.0,0,0,6,0,0,0.0,0,9.4,-0.8,-3.12,0,0.0036040901099505277,0
1,1,2,9070,1,1,124.0,1,19,1,9,3,123.7,1,0,0,1,0,1,18,0,1,6,8,6,12.714285714285714,1,0,6,8,6,12.625,0,13.9,-0.3,0.79,1,0.6050624788479411,1
1,1,1,9773,1,1,125.0,1,3,19,2,3,125.7,1,0,0,1,0,0,19,0,0,6,6,6,13.0,0,0,6,7,6,11.666666666666666,0,8.9,1.4,3.51,1,0.5683717781299124,1
1,1,1,9070,1,1,133.1,1,1,37,5,9,143.0,1,0,1,1,0,0,21,0,0,6,9,5,11.4,0,0,6,8,5,12.2,0,12.7,3.7,-1.7,1,0.6345334491200898,0
1,1,1,171,1,1,148.0,1,3,2,4,2,131.6,1,0,0,1,0,0,21,0,6,12,12,8,13.875,0,4,11,13,9,12.7,1,8.9,1.4,3.51,1,0.7571284254577157,0
1,16,3,9773,1,1,138.0,1,37,38,4,9,134.2,1,0,0,1,0,1,20,0,0,6,6,6,15.0,0,0,6,6,6,13.0,0,11.1,0.6,2.02,0,0.4564010455952771,1
1,1,2,9070,1,1,137.0,1,19,38,9,9,127.2,1,0,0,1,0,1,20,0,1,6,9,5,13.4,1,0,6,9,6,12.375,0,13.9,-0.3,0.79,1,0.9393664452701139,1
1,1,1,9500,1,1,130.0,1,19,37,9,9,117.8,1,0,0,1,0,1,19,0,0,8,8,7,12.357142857142858,0,0,8,8,7,12.357142857142858,0,12.7,3.7,-1.7,1,0.9977551940563358,1
4,39,1,9773,1,19,133.1,1,37,37,9,1,117.5,0,0,0,1,0,0,39,0,0,6,10,4,11.25,0,0,6,6,6,11.333333333333334,0,10.8,1.4,1.74,0,0.4152969758905665,1
1,1,1,9238,1,1,125.0,1,1,1,3,3,125.7,1,0,0,1,0,0,18,0,0,6,10,6,11.571428571428571,0,0,6,8,6,12.333333333333334,0,12.4,0.5,1.79,1,0.8828929294424905,1
1,1,1,9070,1,1,124.0,1,37,19,9,4,121.2,0,0,0,1,1,1,20,0,1,6,7,6,13.5,0,1,6,9,5,12.5,0,10.8,1.4,1.74,1,0.8969113651514433,1
1,39,1,9500,1,1,133.1,1,19,37,9,9,120.0,0,0,0,1,0,1,25,0,0,8,8,7,12.042857142857144,0,0,8,8,7,12.042857142857144,0,12.7,3.7,-1.7,1,0.9853150375227986,1
3,39,1,9991,0,1,120.0,1,37,1,9,2,170.0,0,0,0,1,1,0,43,0,0,5,5,5,11.8,0,0,5,6,5,14.0,0,9.4,-0.8,-3.12,1,0.9504922489563883,1
1,43,1,9147,1,1,140.0,1,37,37,6,6,122.9,0,0,0,1,0,0,55,0,0,5,10,1,10.0,0,0,5,8,2,12.0,2,16.2,0.3,-0.92,0,0.0010783128066661268,0
